ID,State,Farm,Date_of_colleciton,Status,RectTemp,Name,pielou_e,faith_pd,observed_otus,shannon,chao1,animal
Dairy317,CA,Farm2,07/14-15/2022,Healthy,104.8,Dairy 317,0.563546879,13.12243541,130,3.957433464,167,calf
Dairy318,CA,Farm2,07/14-15/2022,Healthy,102.1,Dairy 318,0.535128853,7.491816624,62,3.186262243,65.27272727,calf
Dairy320,CA,Farm2,07/14-15/2022,Healthy,102.3,Dairy 320,0.470796946,10.53750385,89,3.048755525,114.0909091,calf
Dairy321,CA,Farm2,07/14-15/2022,Healthy,102.2,Dairy 321,0.751928811,9.936209416,95,4.940063718,95,calf
Dairy322,CA,Farm2,07/14-15/2022,Healthy,101.7,Dairy 322,0.406224184,6.7810626,57,2.369460985,58.42857143,calf
Dairy323,CA,Farm2,07/14-15/2022,Healthy,103,Dairy 323,0.669985581,7.487315562,62,3.989225672,62.75,calf
Dairy324,CA,Farm2,07/14-15/2022,Healthy,102.1,Dairy 324,0.556989747,7.111488346,48,3.110766852,48.375,calf
Dairy325,CA,Farm2,07/14-15/2022,Healthy,102.4,Dairy 325,0.322860894,6.539920214,36,1.669166608,58.5,calf
Dairy326,CA,Farm2,07/14-15/2022,Healthy,101.7,Dairy 326,0.553546201,9.164863334,77,3.468955881,79.625,calf
Dairy327,CA,Farm2,07/14-15/2022,Healthy,101.7,Dairy 327,0.372724052,6.82624076,58,2.183410414,77.5,calf
Dairy328,CA,Farm2,07/14-15/2022,Healthy,102.7,Dairy 328,0.602762034,6.812855039,58,3.530968543,58.11111111,calf
Dairy329,CA,Farm2,07/14-15/2022,Healthy,103.2,Dairy 329,0.619157979,8.42592322,115,4.238439788,120.2,calf
Dairy330,CA,Farm2,07/14-15/2022,Healthy,101.5,Dairy 330,0.632206105,6.838402534,73,3.913244876,84.66666667,calf
Dairy331,CA,Farm2,07/14-15/2022,Healthy,105.1,Dairy 331,0.657694512,6.438455096,69,4.01754301,70,calf
Dairy332,CA,Farm2,07/14-15/2022,Healthy,101.4,Dairy 332,0.529243268,7.131591486,98,3.500790652,105.8,calf
Dairy333,CA,Farm2,07/14-15/2022,Healthy,102.3,Dairy 333,0.556621311,7.238165525,75,3.467093223,80.14285714,calf
Dairy334,CA,Farm2,07/14-15/2022,Healthy,102.1,Dairy 334,0.629686373,7.357639436,63,3.763811713,63.25,calf
Dairy335,CA,Farm2,07/14-15/2022,Healthy,102.9,Dairy 335,0.379067159,6.928278423,49,2.128352109,52.5,calf
Dairy336,CA,Farm2,07/14-15/2022,Healthy,102.2,Dairy 336,0.359172242,11.10744191,83,2.289737205,86,calf
Dairy337,CA,Farm2,07/14-15/2022,Healthy,103,Dairy 337,0.604844616,10.81669816,110,4.101668914,125,calf
Dairy338,CA,Farm2,07/14-15/2022,Healthy,102.8,Dairy 338,0.708021103,5.643751656,61,4.199087192,61,calf
Dairy340,CA,Farm2,07/14-15/2022,Healthy,102.5,Dairy 340,0.579724039,5.529469228,57,3.38146656,59,calf
Dairy341,CA,Farm2,07/14-15/2022,Healthy,102,Dairy 341,0.627284991,5.920099992,55,3.626560174,55.75,calf
Dairy342,CA,Farm2,07/14-15/2022,Healthy,101.9,Dairy 342,0.518088901,6.072156236,71,3.186115727,80,calf
Dairy343,CA,Farm2,07/14-15/2022,Healthy,101.9,Dairy 343,0.46869803,5.17275538,66,2.832995616,83.14285714,calf
Dairy344,CA,Farm2,07/14-15/2022,Healthy,102.6,Dairy 344,0.446619348,9.212631457,81,2.831499673,82.36363636,calf
Dairy345,CA,Farm2,07/14-15/2022,Healthy,102.2,Dairy 345,0.383313193,11.03742374,105,2.573658887,120,calf
Dairy346,CA,Farm2,07/14-15/2022,Healthy,102.2,Dairy 346,0.627747725,9.56084137,103,4.197435497,118.3,calf
Dairy347,CA,Farm2,07/14-15/2022,Healthy,102.3,Dairy 347,0.350811248,13.85134984,145,2.51879287,220.3157895,calf
Dairy348,CA,Farm2,07/14-15/2022,Healthy,102.7,Dairy 348,0.361509363,6.769519174,52,2.060762334,52.5,calf
Dairy349,CA,Farm2,07/14-15/2022,Healthy,103.8,Dairy 349,0.776787843,8.292023407,83,4.952053127,84.5,calf
Dairy351,CA,Farm2,07/14-15/2022,Healthy,102.2,Dairy 351,0.734830606,5.547799229,76,4.591168362,81,calf
Dairy355,CA,Farm2,07/14-15/2022,Healthy,101.8,Dairy 355,0.545957518,7.825848363,80,3.451504175,87,calf
Dairy356,CA,Farm2,07/14-15/2022,Healthy,101.9,Dairy 356,0.64233106,6.031724084,69,3.923694988,71,calf
Dairy357,CA,Farm2,07/14-15/2022,Healthy,101.7,Dairy 357,0.545186505,5.696220959,46,3.01137144,50.2,calf
Dairy358,CA,Farm2,07/14-15/2022,Healthy,102.2,Dairy 358,0.430323127,10.47525114,108,2.906784312,124.2352941,calf
Dairy359,CA,Farm2,07/14-15/2022,Healthy,100.9,Dairy 359,0.700274375,6.378251735,76,4.375263536,85.16666667,calf
Dairy360,CA,Farm2,07/14-15/2022,Healthy,101.4,Dairy 360,0.566086053,5.483058591,49,3.178408936,51,calf
Dairy361,CA,Farm2,07/14-15/2022,Healthy,102,Dairy 361,0.322390765,14.29689369,85,2.066328447,100.4,calf
Dairy362,CA,Farm2,07/14-15/2022,Healthy,102.8,Dairy 362,0.577132689,5.45179999,51,3.273742091,54.33333333,calf
Dairy363,CA,Farm2,07/14-15/2022,Healthy,101.2,Dairy 363,0.57980741,5.668599724,48,3.238202642,55.5,calf
Dairy364,CA,Farm2,07/14-15/2022,Healthy,102.8,Dairy 364,0.723091615,9.026951903,99,4.793632187,100.6666667,calf
Dairy365,CA,Farm2,07/14-15/2022,Healthy,102.3,Dairy 365,0.660845019,8.644403777,96,4.351639667,97.66666667,calf
Dairy366,CA,Farm2,07/14-15/2022,Healthy,102.3,Dairy 366,0.347129174,4.608330684,34,1.766006775,34.25,calf
Dairy367,CA,Farm2,07/14-15/2022,Healthy,101.8,Dairy 367,0.663536306,6.253141353,74,4.120197751,76.14285714,calf
Dairy368,CA,Farm2,07/14-15/2022,BRD,101.2,Dairy 368,0.526086055,17.03901524,184,3.958041026,189.4545455,calf
Dairy369,CA,Farm2,07/14-15/2022,BRD,101.2,Dairy 369,0.603288993,6.600463616,67,3.659604837,69.5,calf
Dairy370,CA,Farm2,07/14-15/2022,BRD,101.2,Dairy 370,0.647569173,7.976509237,93,4.234557664,98.6,calf
Dairy372,CA,Farm2,07/14-15/2022,BRD,100.8,Dairy 372,0.691517595,5.644456895,46,3.81964028,46.5,calf
Dairy373,CA,Farm2,07/14-15/2022,BRD,101.2,Dairy 373,0.73117042,9.338056932,65,4.403377202,66.25,calf
Dairy374,CA,Farm2,07/14-15/2022,BRD,102.9,Dairy 374,0.615384945,8.673556021,126,4.293713023,137.3333333,calf
Dairy375,CA,Farm2,07/14-15/2022,BRD,101.6,Dairy 375,0.620882459,10.62050629,107,4.185658601,122.5454545,calf
Dairy376,CA,Farm2,07/14-15/2022,BRD,101.8,Dairy 376,0.471808365,9.077368608,93,3.085229824,103.4615385,calf
Dairy377,CA,Farm2,07/14-15/2022,BRD,102.2,Dairy 377,0.622319321,9.312588042,83,3.967310211,94.25,calf
Dairy378,CA,Farm2,07/14-15/2022,BRD,101.5,Dairy 378,0.420665056,7.473533575,74,2.61210005,77.5,calf
Dairy379,CA,Farm2,07/14-15/2022,BRD,102.2,Dairy 379,0.670079472,11.9453552,137,4.756245592,142.4545455,calf
Dairy381,CA,Farm2,07/14-15/2022,BRD,102.2,Dairy 381,0.579143185,6.79470666,61,3.434746111,68,calf
Dairy382,CA,Farm2,07/14-15/2022,BRD,105,Dairy 382,0.477219688,5.505760343,40,2.539728864,45.25,calf
Dairy383,CA,Farm2,07/14-15/2022,Healthy,102.1,Dairy 383,0.68574657,8.904166129,111,4.659247378,113.25,calf
Dairy384,CA,Farm2,07/14-15/2022,BRD,102.2,Dairy 384,0.585988974,8.630139696,98,3.876147034,99.75,calf
Dairy385,CA,Farm2,07/14-15/2022,BRD,102.4,Dairy 385,0.603900495,5.748818333,55,3.491365991,62.5,calf
Dairy386,CA,Farm2,07/14-15/2022,BRD,104.3,Dairy 386,0.568206183,8.64144533,102,3.791313333,108.1111111,calf
Dairy387,CA,Farm2,07/14-15/2022,BRD,102.1,Dairy 387,0.499791339,12.03905647,109,3.382679904,136.0833333,calf
Dairy388,CA,Farm2,07/14-15/2022,BRD,101.3,Dairy 388,0.652957882,10.92801745,129,4.578036097,138.7142857,calf
Dairy389,CA,Farm2,07/14-15/2022,BRD,102.2,Dairy 389,0.55049743,7.50334015,70,3.37415455,77.85714286,calf
Dairy390,CA,Farm2,07/14-15/2022,BRD,101.7,Dairy 390,0.714656985,6.003236503,60,4.221400626,60.25,calf
Dairy391,CA,Farm2,07/14-15/2022,BRD,102.5,Dairy 391,0.51105276,7.42838744,62,3.042908458,63.2,calf
Dairy392,CA,Farm2,07/14-15/2022,BRD,102,Dairy 392,0.578621961,6.395197965,37,3.01430412,44,calf
Dairy393,CA,Farm2,07/14-15/2022,BRD,102.3,Dairy 393,0.461197018,8.012968495,67,2.797662247,69.76923077,calf
Dairy394,CA,Farm2,07/14-15/2022,BRD,102.1,Dairy 394,0.612311684,9.439276208,95,4.022799353,98.5,calf
Dairy395,CA,Farm2,07/14-15/2022,BRD,101.7,Dairy 395,0.564441878,11.69579523,114,3.856769275,118.7142857,calf
Dairy396,CA,Farm2,07/14-15/2022,BRD,102.2,Dairy 396,0.660604454,17.12353971,130,4.639007454,143.5714286,calf
Dairy398,CA,Farm2,07/14-15/2022,BRD,103,Dairy 398,0.635344063,10.10713868,118,4.372846401,131.1538462,calf
Dairy401,CA,Farm2,07/14-15/2022,BRD,102.2,Dairy 401,0.585572966,13.74478724,136,4.150226639,161.5882353,calf
Dairy402,CA,Farm2,07/14-15/2022,BRD,101.9,Dairy 402,0.652169725,6.494307464,71,4.010678885,72.875,calf
Dairy403,CA,Farm2,07/14-15/2022,BRD,101.8,Dairy 403,0.53374663,9.73657518,92,3.481929212,101.5,calf
Dairy404,CA,Farm2,07/14-15/2022,BRD,101.7,Dairy 404,0.645144071,10.0442583,109,4.36645399,128.4615385,calf
Dairy405,CA,Farm2,07/14-15/2022,BRD,97.8,Dairy 405,0.357330117,5.744923506,35,1.832847303,36.5,calf
Dairy406,CA,Farm2,07/14-15/2022,BRD,102.1,Dairy 406,0.64584641,10.53599373,120,4.460790493,127,calf
Dairy407,CA,Farm2,07/14-15/2022,BRD,102.7,Dairy 407,0.525565211,13.97867424,157,3.833798894,166.625,calf
Dairy408,CA,Farm2,07/14-15/2022,BRD,102.6,Dairy 408,0.470083213,8.107514251,70,2.881273054,77.8,calf
Dairy409,CA,Farm2,07/14-15/2022,BRD,101.9,Dairy 409,0.624190377,10.47572269,122,4.326099552,138.6666667,calf
Dairy410,CA,Farm2,07/14-15/2022,BRD,101.5,Dairy 410,0.660562729,8.088775581,93,4.319524592,99,calf
Dairy411,CA,Farm2,07/14-15/2022,BRD,102.7,Dairy 411,0.594304358,6.324449658,62,3.538604814,64.15384615,calf
Dairy412,CA,Farm2,07/14-15/2022,BRD,101.9,Dairy 412,0.641344083,12.53499551,157,4.678361857,190.0555556,calf
Dairy413,CA,Farm2,07/14-15/2022,BRD,102.4,Dairy 413,0.650005978,9.256779468,87,4.187951785,106.4285714,calf
Dairy414,CA,Farm2,07/14-15/2022,BRD,103.8,Dairy 414,0.451723661,7.847214871,52,2.5750235,52.6,calf
Dairy415,CA,Farm2,07/14-15/2022,BRD,102.6,Dairy 415,0.638034176,6.429820328,57,3.721583176,57,calf
Dairy416,CA,Farm2,07/14-15/2022,BRD,100.6,Dairy 416,0.767653641,5.431020995,52,4.375963307,52.33333333,calf
Dairy417,CA,Farm2,07/14-15/2022,BRD,101.6,Dairy 417,0.634255732,7.393223967,86,4.075895258,87.90909091,calf
Dairy418,CA,Farm2,07/14-15/2022,BRD,102.8,Dairy 418,0.574689023,10.23441913,97,3.79289746,110,calf
Dairy419,CA,Farm2,07/14-15/2022,BRD,103.3,Dairy 419,0.642201868,11.1934661,127,4.488146359,136.7142857,calf
Dairy420,CA,Farm2,07/14-15/2022,BRD,102.6,Dairy 420,0.649726177,3.493880623,35,3.332629447,41,calf
Dairy421,CA,Farm2,07/14-15/2022,BRD,102.9,Dairy 421,0.583832897,11.90682186,98,3.861885213,98.2,calf
Dairy1,IN,Farm5,2/20/21,BRD,101.7,Dairy 1,0.612229618,25.52200658,325,5.108625092,358.25,calf
Dairy100,IN,Farm5,2/27/21,Healthy,,Dairy 100,0.388888086,19.21806102,209,2.997300139,223.025,calf
Dairy12,IN,Farm5,2/20/21,BRD,102.6,Dairy 12,0.700222869,16.46816492,137,4.970204392,146.5,calf
Dairy13,IN,Farm5,2/20/21,Healthy,,Dairy 13,0.583970676,23.51052167,304,4.816547807,318.3846154,Cow
Dairy14,IN,Farm5,2/20/21,BRD,101.8,Dairy 14,0.725877802,13.3554292,119,5.00479516,124,Cow
Dairy15,IN,Farm5,2/20/21,Healthy,,Dairy 15,0.587356777,17.40722825,227,4.596976291,239.5,calf
Dairy16,IN,Farm5,2/20/21,BRD,102.4,Dairy 16,0.392911966,22.54173465,297,3.227504278,319.2,calf
Dairy17,IN,Farm5,2/20/21,BRD,101.2,Dairy 17,0.77076772,23.487299,309,6.3753767,310.1666667,calf
Dairy18,IN,Farm5,2/20/21,BRD,102.7,Dairy 18,0.587021672,17.79429125,201,4.491333156,208.65,calf
Dairy19,IN,Farm5,2/20/21,BRD,102.3,Dairy 19,0.51320923,19.36572006,195,3.904152132,204.75,calf
Dairy20,IN,Farm5,2/20/21,BRD,101.5,Dairy 20,0.599084007,21.56262409,287,4.891465159,296.902439,calf
Dairy21,IN,Farm5,2/20/21,BRD,104.1,Dairy 21,0.447008921,23.68268031,319,3.717957639,349.4468085,calf
Dairy22,IN,Farm5,2/20/21,BRD,102.7,Dairy 22,0.463655666,20.47868419,255,3.706627264,268.6764706,calf
Dairy23,IN,Farm5,2/20/21,BRD,103,Dairy 23,0.41836157,20.46243449,249,3.330158905,263.04,calf
Dairy24,IN,Farm5,2/20/21,BRD,102.3,Dairy 24,0.508043062,21.78651753,300,4.180594242,317.575,calf
Dairy25,IN,Farm5,2/20/21,BRD,102.4,Dairy 25,0.490087641,25.11198641,342,4.125485484,355.943662,calf
Dairy26,IN,Farm5,2/20/21,BRD,102.5,Dairy 26,0.594846534,29.56760989,442,5.227453376,459.7213115,calf
Dairy27,IN,Farm5,2/20/21,BRD,103.2,Dairy 27,0.606466505,28.36244446,416,5.276525269,430,calf
Dairy28,IN,Farm5,2/20/21,BRD,102,Dairy 28,0.398593837,13.38749685,122,2.762549189,134.75,calf
Dairy29,IN,Farm5,2/20/21,BRD,102,Dairy 29,0.481120272,15.90732304,147,3.463908319,147.3333333,calf
Dairy3,IN,Farm5,2/20/21,BRD,100.5,Dairy 3,0.506932183,25.00612732,326,4.232238991,361.1702128,Cow
Dairy30,IN,Farm5,2/20/21,BRD,103.5,Dairy 30,0.618706937,14.93510218,202,4.73818857,205.4375,calf
Dairy31,IN,Farm5,2/20/21,BRD,103.3,Dairy 31,0.388909108,12.75502293,133,2.743863596,137.5882353,calf
Dairy33,IN,Farm5,2/20/21,BRD,102.1,Dairy 33,0.308409498,11.1584995,93,2.016738687,98.07692308,calf
Dairy34,IN,Farm5,2/20/21,BRD,101.4,Dairy 34,0.463939207,12.33859895,138,3.297923198,145.5833333,calf
Dairy35,IN,Farm5,2/20/21,Healthy,102.3,Dairy 35,0.352792235,9.968399714,99,2.338785541,101.5714286,calf
Dairy36,IN,Farm5,2/20/21,BRD,103.3,Dairy 36,0.43244718,15.55994372,155,3.14653948,163.75,calf
Dairy38,IN,Farm5,2/20/21,Healthy,102.1,Dairy 38,0.759585207,26.44877154,417,6.6113564,434.027027,calf
Dairy39,IN,Farm5,2/20/21,BRD,101.9,Dairy 39,0.43009688,13.54516088,150,3.109092365,157.3333333,calf
Dairy4,IN,Farm5,2/20/21,Healthy,,Dairy 4,0.621704762,21.02321724,246,4.937899094,256.5,calf
Dairy40,IN,Farm5,2/20/21,Healthy,101.3,Dairy 40,0.651349405,27.1970858,384,5.591810213,404.7884615,calf
Dairy41,IN,Farm5,2/20/21,Healthy,101.9,Dairy 41,0.397122385,19.09867176,182,2.981513316,209.5555556,calf
Dairy42,IN,Farm5,2/27/21,Healthy,101.8,Dairy 42,0.395382311,13.68773203,123,2.74494743,134,calf
Dairy43,IN,Farm5,2/27/21,Healthy,,Dairy 43,0.519532282,19.62412822,243,4.117195922,252.6774194,calf
Dairy44,IN,Farm5,2/27/21,Healthy,,Dairy 44,0.436110892,15.75313131,169,3.227604131,176.037037,calf
Dairy45,IN,Farm5,2/27/21,Healthy,,Dairy 45,0.642530542,17.12355311,222,5.008150254,223.6153846,calf
Dairy46,IN,Farm5,2/27/21,Healthy,,Dairy 46,0.537738111,21.79116326,281,4.374191044,306.1071429,calf
Dairy47,IN,Farm5,2/27/21,BRD,104.5,Dairy 47,0.536856118,11.93130387,89,3.476537113,96.58333333,calf
Dairy48,IN,Farm5,2/27/21,Healthy,,Dairy 48,0.612314123,31.06153054,451,5.398763597,495.5070423,calf
Dairy49,IN,Farm5,2/27/21,BRD,103.4,Dairy 49,0.458479531,19.96862058,227,3.588312277,244,calf
Dairy50,IN,Farm5,2/27/21,BRD,102.1,Dairy 50,0.428359843,16.35354432,163,3.147900042,172,calf
Dairy51,IN,Farm5,2/27/21,BRD,103.4,Dairy 51,0.49064209,24.23274719,303,4.044448111,335.1818182,calf
Dairy52,IN,Farm5,2/27/21,Healthy,103.2,Dairy 52,0.630501136,31.6154811,487,5.628974146,512.7746479,calf
Dairy53,IN,Farm5,2/27/21,BRD,102.7,Dairy 53,0.379019005,6.871772125,43,2.056657468,46,calf
Dairy54,IN,Farm5,2/27/21,Healthy,102.6,Dairy 54,0.594898382,22.61827913,311,4.92621713,344.5526316,calf
Dairy55,IN,Farm5,2/27/21,Healthy,102.8,Dairy 55,0.396084519,19.46793527,195,3.013145765,204.8484848,calf
Dairy56,IN,Farm5,2/27/21,Healthy,102.7,Dairy 56,0.605566194,27.69804124,365,5.154429656,387.3684211,calf
Dairy57,IN,Farm5,2/27/21,BRD,102.6,Dairy 57,0.629129146,19.42037758,241,4.978229314,244.3,calf
Dairy58,IN,Farm5,2/27/21,BRD,102.3,Dairy 58,0.42440948,10.55115197,88,2.741444011,89.36363636,calf
Dairy59,IN,Farm5,2/27/21,Healthy,102.4,Dairy 59,0.385664115,21.08855976,248,3.067648084,275.56,calf
Dairy6,IN,Farm5,2/20/21,BRD,103.2,Dairy 6,0.750239192,6.057724954,55,4.337402638,55,Cow
Dairy61,IN,Farm5,2/27/21,Healthy,102.6,Dairy 61,0.459388522,22.79288536,306,3.793349193,320.025,calf
Dairy62,IN,Farm5,2/27/21,BRD,102.5,Dairy 62,0.445730782,21.16259147,254,3.560802672,272.3703704,calf
Dairy63,IN,Farm5,2/27/21,Healthy,103.5,Dairy 63,0.397095519,18.66678871,225,3.102817495,234.3703704,calf
Dairy65,IN,Farm5,2/27/21,BRD,102.1,Dairy 65,0.494279234,11.37686983,77,3.097542453,80,calf
Dairy66,IN,Farm5,2/27/21,Healthy,102.2,Dairy 66,0.646624844,29.32786267,454,5.707465538,488.6666667,calf
Dairy67,IN,Farm5,2/27/21,Healthy,102.5,Dairy 67,0.59321544,26.70010782,375,5.072435018,393.3220339,calf
Dairy68,IN,Farm5,2/27/21,BRD,102.3,Dairy 68,0.313716002,15.46162635,157,2.28843926,170.5416667,calf
Dairy69,IN,Farm5,2/27/21,Healthy,102.3,Dairy 69,0.422713703,19.51193353,241,3.344886756,252.6,calf
Dairy7,IN,Farm5,2/20/21,Healthy,,Dairy 7,0.484685319,20.61322414,230,3.80259385,236.1818182,calf
Dairy70,IN,Farm5,2/27/21,Healthy,102.8,Dairy 70,0.57323813,21.65777396,282,4.6659012,287.44,calf
Dairy71,IN,Farm5,2/27/21,Healthy,102.3,Dairy 71,0.611606291,23.99351023,350,5.168813879,359.5588235,calf
Dairy72,IN,Farm5,2/27/21,BRD,103.7,Dairy 72,0.473929989,15.56253285,162,3.478575031,172,calf
Dairy74,IN,Farm5,2/27/21,Healthy,102.8,Dairy 74,0.328213408,16.4673712,176,2.448285474,195,calf
Dairy75,IN,Farm5,2/27/21,Healthy,102,Dairy 75,0.513613817,26.51496617,399,4.437749183,412.2222222,calf
Dairy77,IN,Farm5,2/27/21,Healthy,101.9,Dairy 77,0.365122862,12.68385696,124,2.539136057,124.3333333,calf
Dairy78,IN,Farm5,2/27/21,BRD,101.9,Dairy 78,0.470172529,10.59021957,90,3.052290987,91.5,calf
Dairy79,IN,Farm5,2/27/21,BRD,102.6,Dairy 79,0.367833778,19.93155757,222,2.867049432,236.5121951,calf
Dairy8,IN,Farm5,2/20/21,BRD,104.3,Dairy 8,0.644922677,17.17038097,173,4.794760338,184.5,calf
Dairy80,IN,Farm5,2/27/21,BRD,102.1,Dairy 80,0.408950506,16.57681386,133,2.885261324,150.1818182,calf
Dairy81,IN,Farm5,2/27/21,Healthy,101,Dairy 81,0.412183357,10.24006529,80,2.605793542,84.4,calf
Dairy82,IN,Farm5,2/27/21,Healthy,101.4,Dairy 82,0.530627498,25.82459,364,4.514469783,409.8181818,calf
Dairy83,IN,Farm5,2/27/21,Healthy,,Dairy 83,0.709021591,30.05264307,481,6.317306569,502.3818182,calf
Dairy84,IN,Farm5,2/27/21,Healthy,100.9,Dairy 84,0.654712095,28.49290907,408,5.677941766,437.8125,calf
Dairy85,IN,Farm5,2/27/21,Healthy,,Dairy 85,0.423144841,18.70177408,236,3.335499743,258.575,calf
Dairy86,IN,Farm5,2/27/21,Healthy,101.6,Dairy 86,0.618271402,21.28558598,293,5.066583806,314.1363636,calf
Dairy87,IN,Farm5,2/27/21,BRD,101,Dairy 87,0.691299683,20.18504846,247,5.494703746,250.1111111,calf
Dairy88,IN,Farm5,2/27/21,Healthy,,Dairy 88,0.668876178,20.97370113,268,5.395214908,277.1304348,calf
Dairy89,IN,Farm5,2/27/21,BRD,103,Dairy 89,0.430548494,13.8570898,137,3.056047021,139,calf
Dairy9,IN,Farm5,2/20/21,Healthy,,Dairy 9,0.546444951,15.27757852,154,3.970898816,155.3333333,calf
Dairy90,IN,Farm5,2/27/21,BRD,102.3,Dairy 90,0.474535113,18.10070286,191,3.595756044,212.483871,calf
Dairy91,IN,Farm5,2/27/21,BRD,102.2,Dairy 91,0.67513407,21.91407052,260,5.416173832,262.1428571,calf
Dairy92,IN,Farm5,2/27/21,Healthy,,Dairy 92,0.434000667,16.89970902,201,3.32056154,206.9375,calf
Dairy93,IN,Farm5,2/27/21,Healthy,,Dairy 93,0.600524408,22.60757975,282,4.887999256,296.5,calf
Dairy94,IN,Farm5,2/27/21,Healthy,,Dairy 94,0.595476297,21.24899194,283,4.849950927,288.4545455,calf
Dairy95,IN,Farm5,2/27/21,Healthy,,Dairy 95,0.780529953,38.47736116,536,7.076354165,561.5540541,calf
Dairy96,IN,Farm5,2/27/21,Healthy,,Dairy 96,0.739405195,20.95099815,284,6.025965359,287,calf
Dairy97,IN,Farm5,2/27/21,Healthy,,Dairy 97,0.465731089,23.60176388,293,3.816553036,312.5,calf
Dairy98,IN,Farm5,2/27/21,BRD,103.6,Dairy 98,0.511615321,11.86726587,117,3.514983851,124.8,calf
Dairy99,IN,Farm5,2/27/21,BRD,102.8,Dairy 99,0.32907305,8.690866594,71,2.02371604,74.5,calf
Dairy101,NY,Farm3,05/18-19/2021,Healthy,102.8,Dairy 101,0.75190394,39.04696347,590,6.920953307,636.6442308,calf
Dairy102,NY,Farm3,05/18-19/2021,Healthy,101.8,Dairy 102,0.716753582,11.95541243,219,5.572606477,229.0434783,calf
Dairy103,NY,Farm3,05/18-19/2021,Healthy,102.6,Dairy 103,0.617139544,17.91428533,240,4.879654853,291.1304348,calf
Dairy104,NY,Farm3,05/18-19/2021,Healthy,102.6,Dairy 104,0.663145715,10.15011643,184,4.989217871,206.9565217,calf
Dairy105,NY,Farm3,05/18-19/2021,Healthy,102.4,Dairy 105,0.602483372,11.75044492,175,4.489230795,196.9375,calf
Dairy106,NY,Farm3,05/18-19/2021,Healthy,,Dairy 106,0.543433474,27.57093176,385,4.667395029,412.9,calf
Dairy107,NY,Farm3,05/18-19/2021,Healthy,102.5,Dairy 107,0.673575733,23.4312743,367,5.738620237,384.22,calf
Dairy108,NY,Farm3,05/18-19/2021,Healthy,,Dairy 108,0.560534142,18.56231094,257,4.487425891,287,calf
Dairy109,NY,Farm3,05/18-19/2021,Healthy,101.7,Dairy 109,0.726939415,19.79130458,300,5.981852646,304.8857143,calf
Dairy110,NY,Farm3,05/18-19/2021,Healthy,102,Dairy 110,0.750784118,13.37606751,195,5.711462783,200.8333333,calf
Dairy111,NY,Farm3,05/18-19/2021,Healthy,102,Dairy 111,0.648305798,26.71600477,384,5.565680967,407.52,calf
Dairy112,NY,Farm3,05/18-19/2021,Healthy,102.2,Dairy 112,0.67584177,9.455162744,146,4.859183756,157.3333333,calf
Dairy113,NY,Farm3,05/18-19/2021,Healthy,102.7,Dairy 113,0.672236238,20.49468052,299,5.528471948,338.2,calf
Dairy114,NY,Farm3,05/18-19/2021,Healthy,,Dairy 114,0.499934406,15.90045662,178,3.737376351,185.6666667,calf
Dairy115,NY,Farm3,05/18-19/2021,Healthy,,Dairy 115,0.624084655,18.00413362,229,4.892326792,247.75,calf
Dairy116,NY,Farm3,05/18-19/2021,Healthy,,Dairy 116,0.737131774,15.25894978,210,5.686415485,222.047619,calf
Dairy117,NY,Farm3,05/18-19/2021,Healthy,102.1,Dairy 117,0.676749284,13.41946676,207,5.206561792,212.7142857,calf
Dairy118,NY,Farm3,05/18-19/2021,Healthy,102.8,Dairy 118,0.597890616,13.8117004,145,4.292800267,152.1578947,calf
Dairy119,NY,Farm3,05/18-19/2021,Healthy,101.4,Dairy 119,0.702848427,17.99708026,314,5.829861145,329.5357143,calf
Dairy120,NY,Farm3,05/18-19/2021,Healthy,,Dairy 120,0.526641121,14.68334585,165,3.879408192,185.7142857,calf
Dairy121,NY,Farm3,05/18-19/2021,Healthy,102.5,Dairy 121,0.614176335,24.65508596,373,5.246927976,413.4482759,calf
Dairy122,NY,Farm3,05/18-19/2021,Healthy,101.9,Dairy 122,0.712081079,15.48882936,215,5.517341528,240.375,calf
Dairy123,NY,Farm3,05/18-19/2021,Healthy,,Dairy 123,0.75476476,24.5135528,427,6.595204107,455.122449,calf
Dairy124,NY,Farm3,05/18-19/2021,Healthy,,Dairy 124,0.767906197,28.89407704,523,6.934705256,538.5081967,calf
Dairy125,NY,Farm3,05/18-19/2021,Healthy,102.7,Dairy 125,0.670852423,10.00566339,174,4.993116677,183.5,calf
Dairy126,NY,Farm3,05/18-19/2021,Healthy,,Dairy 126,0.538963804,9.668960582,121,3.729016849,127.6,calf
Dairy127,NY,Farm3,05/18-19/2021,Healthy,104,Dairy 127,0.532258975,24.13316787,305,4.392555246,339.902439,calf
Dairy128,NY,Farm3,05/18-19/2021,Healthy,102.3,Dairy 128,0.510065782,14.11712631,188,3.853337269,211.4333333,calf
Dairy129,NY,Farm3,05/18-19/2021,Healthy,,Dairy 129,0.405393823,6.408451558,70,2.484773473,84,calf
Dairy130,NY,Farm3,05/18-19/2021,Healthy,102.3,Dairy 130,0.645810219,18.02031003,257,5.17011414,302.3703704,calf
Dairy131,NY,Farm3,05/18-19/2021,Healthy,,Dairy 131,0.599587301,15.882649,233,4.715266147,243.15625,calf
Dairy132,NY,Farm3,05/18-19/2021,Healthy,102.3,Dairy 132,0.605987413,15.00428473,217,4.703402349,246.2857143,calf
Dairy133,NY,Farm3,05/18-19/2021,Healthy,102.7,Dairy 133,0.635713025,20.41727286,267,5.124289398,289.6851852,calf
Dairy134,NY,Farm3,05/18-19/2021,Healthy,102.3,Dairy 134,0.648067424,14.27004365,201,4.958397358,220.84,calf
Dairy135,NY,Farm3,05/18-19/2021,Healthy,102.4,Dairy 135,0.463210373,18.57185501,236,3.651322024,262.8965517,calf
Dairy136,NY,Farm3,05/18-19/2021,BRD,102.5,Dairy 136,0.509892432,16.5614472,165,3.756031946,184.0909091,calf
Dairy137,NY,Farm3,05/18-19/2021,BRD,102.7,Dairy 137,0.482145762,8.932324324,109,3.263251388,114.2,calf
Dairy138,NY,Farm3,05/18-19/2021,BRD,102.3,Dairy 138,0.720892412,16.60120518,213,5.575893471,225.2142857,calf
Dairy139,NY,Farm3,05/18-19/2021,BRD,102.6,Dairy 139,0.329905873,6.988829368,79,2.079654289,92,calf
Dairy140,NY,Farm3,05/18-19/2021,BRD,103.1,Dairy 140,0.568524992,18.82619331,233,4.470986364,268.4166667,calf
Dairy141,NY,Farm3,05/18-19/2021,BRD,102.3,Dairy 141,0.532600373,12.28528,183,4.002864538,184.8666667,calf
Dairy142,NY,Farm3,05/18-19/2021,BRD,103.1,Dairy 142,0.599394651,9.560515083,96,3.946991301,102.6,calf
Dairy143,NY,Farm3,05/18-19/2021,BRD,103,Dairy 143,0.384577901,11.62037093,128,2.69204531,132.5,calf
Dairy144,NY,Farm3,05/18-19/2021,BRD,102,Dairy 144,0.520082456,12.46868291,172,3.862270013,187.4761905,calf
Dairy145,NY,Farm3,05/18-19/2021,BRD,102.2,Dairy 145,0.681415576,16.49989947,271,5.507302243,289.3703704,calf
Dairy146,NY,Farm3,05/18-19/2021,BRD,102.2,Dairy 146,0.602190902,14.38900068,226,4.70924062,245.8333333,calf
Dairy147,NY,Farm3,05/18-19/2021,BRD,102.5,Dairy 147,0.624110723,24.53856415,398,5.390210033,464.42,calf
Dairy149,NY,Farm3,05/18-19/2021,BRD,103,Dairy 149,0.611184546,9.785037344,106,4.112001009,112,calf
Dairy150,NY,Farm3,05/18-19/2021,BRD,103,Dairy 150,0.56943222,17.83941783,256,4.55545776,283.2368421,calf
Dairy151,NY,Farm3,05/18-19/2021,BRD,101.7,Dairy 151,0.633144954,19.87011502,273,5.123888346,294,calf
Dairy152,NY,Farm3,05/18-19/2021,BRD,103,Dairy 152,0.561901946,16.76867588,194,4.270405814,209.3333333,calf
Dairy153,NY,Farm3,05/18-19/2021,BRD,105.8,Dairy 153,0.559511219,17.68304809,186,4.218243936,229.05,calf
Dairy154,NY,Farm3,05/18-19/2021,BRD,105.3,Dairy 154,0.437528559,14.94966364,152,3.171175283,157.8846154,calf
Dairy155,NY,Farm3,05/18-19/2021,BRD,102,Dairy 155,0.721221014,17.1754743,288,5.89232159,310.44,calf
Dairy156,NY,Farm3,05/18-19/2021,BRD,102.4,Dairy 156,0.602078683,22.00981916,311,4.985675556,345.2222222,calf
Dairy157,NY,Farm3,05/18-19/2021,BRD,106,Dairy 157,0.587139025,22.78069883,309,4.856498735,322.0526316,calf
Dairy158,NY,Farm3,05/18-19/2021,BRD,106.3,Dairy 158,0.313628135,15.50078621,153,2.276121017,169.1538462,calf
Dairy159,NY,Farm3,05/18-19/2021,BRD,101.2,Dairy 159,0.674038853,17.80466673,277,5.468977462,288.1111111,calf
Dairy160,NY,Farm3,05/18-19/2021,BRD,102.1,Dairy 160,0.774412828,23.19334084,280,6.295421053,281.6470588,calf
Dairy161,NY,Farm3,05/18-19/2021,BRD,102.4,Dairy 161,0.50361151,13.05289631,140,3.590388986,150.6875,calf
Dairy162,NY,Farm3,05/18-19/2021,BRD,102.8,Dairy 162,0.52194888,14.95666522,161,3.826363852,167.8,calf
Dairy163,NY,Farm3,05/18-19/2021,BRD,102.6,Dairy 163,0.579261333,24.77275909,386,4.977278118,417.8,calf
Dairy164,NY,Farm3,05/18-19/2021,BRD,104.9,Dairy 164,0.368738421,10.39983298,92,2.405487934,126,calf
Dairy165,NY,Farm3,05/18-19/2021,BRD,101.6,Dairy 165,0.560142592,14.43132539,206,4.305536331,218.1578947,calf
Dairy166,NY,Farm3,05/18-19/2021,BRD,102,Dairy 166,0.410334327,13.57730665,138,2.916871602,141.6666667,calf
Dairy167,NY,Farm3,05/18-19/2021,BRD,,Dairy 167,0.373065139,12.4024349,150,2.696820247,166.9166667,calf
Dairy168,NY,Farm3,05/18-19/2021,BRD,101.2,Dairy 168,0.44552082,15.49215462,192,3.379258711,227.4545455,calf
Dairy169,NY,Farm3,05/18-19/2021,BRD,102,Dairy 169,0.724554609,16.44520197,350,6.123363963,359.9473684,calf
Dairy170,NY,Farm3,05/18-19/2021,BRD,104,Dairy 170,0.643038157,12.40289924,140,4.584401015,151.1428571,calf
Dairy171,NY,Farm4,5/20/21,Healthy,101.6,Dairy 171,0.362452532,6.738004007,58,2.123240046,65,Cow
Dairy172,NY,Farm4,5/20/21,Healthy,101.2,Dairy 172,0.536273566,7.253261962,75,3.340350809,76.90909091,calf
Dairy174,NY,Farm4,5/20/21,Healthy,101.7,Dairy 174,0.494859066,10.30593797,127,3.458413975,139.6666667,Cow
Dairy177,NY,Farm4,5/20/21,Healthy,,Dairy 177,0.796379712,27.13464917,333,6.673166927,334.4,Cow
Dairy178,NY,Farm4,5/20/21,Healthy,,Dairy 178,0.647278655,11.206804,112,4.406255538,112.5,Cow
Dairy180,NY,Farm4,5/20/21,Healthy,102.5,Dairy 180,0.818637195,13.92994602,147,5.89391957,147,Cow
Dairy181,NY,Farm4,5/20/21,Healthy,,Dairy 181,0.789643638,24.59477869,245,6.267115657,245.5,Cow
Dairy182,NY,Farm4,5/20/21,Healthy,,Dairy 182,0.434905518,7.618206846,68,2.647471178,68,Cow
Dairy183,NY,Farm4,5/20/21,Healthy,,Dairy 183,0.632087432,15.52541067,194,4.803809394,194.1,Cow
Dairy184,NY,Farm4,5/20/21,Healthy,101.5,Dairy 184,0.647057661,14.84579381,170,4.794303166,170.5,Cow
Dairy185,NY,Farm4,5/20/21,Healthy,102,Dairy 185,0.553425231,11.34881213,118,3.809028321,118.9090909,calf
Dairy186,NY,Farm4,5/20/21,Healthy,101.5,Dairy 186,0.688403266,14.12676123,137,4.886308466,137,Cow
Dairy187,NY,Farm4,5/20/21,Healthy,102,Dairy 187,0.639035426,5.112483738,36,3.303765224,36,calf
Dairy188,NY,Farm4,5/20/21,BRD,103.2,Dairy 188,0.658695973,5.268028467,38,3.45678872,38,calf
Dairy189,NY,Farm4,5/20/21,BRD,101.2,Dairy 189,0.489871595,18.17092836,218,3.805412845,222.1363636,Cow
Dairy190,NY,Farm4,5/20/21,BRD,103,Dairy 190,0.518317469,6.443707575,52,2.954637487,52,Cow
Dairy191,NY,Farm4,5/20/21,BRD,102.5,Dairy 191,0.526310483,9.04958254,98,3.481391132,102.5,Cow
Dairy192,NY,Farm4,5/20/21,BRD,102.4,Dairy 192,0.642253465,14.90439296,162,4.7140441,163,Cow
Dairy193,NY,Farm4,5/20/21,BRD,101.4,Dairy 193,0.689446647,8.014108923,105,4.629114062,105.2,Cow
Dairy194,NY,Farm4,5/20/21,BRD,102,Dairy 194,0.554015394,7.779715018,62,3.298716413,62,Cow
Dairy195,NY,Farm4,5/20/21,BRD,100.1,Dairy 195,0.693121702,8.003559295,102,4.624802811,102.2727273,Cow
Dairy196,NY,Farm4,5/20/21,BRD,103.9,Dairy 196,0.587426767,16.21607553,194,4.464392231,194.3157895,Cow
Dairy197,NY,Farm4,5/20/21,BRD,102,Dairy 197,0.569178719,10.97954964,102,3.797802511,103.4285714,calf
Dairy198,NY,Farm4,5/20/21,BRD,102.3,Dairy 198,0.59575066,6.322954936,54,3.428478027,54,calf
Dairy199,NY,Farm4,5/20/21,BRD,102.5,Dairy 199,0.61087819,5.166314558,35,3.133367126,35,calf
Dairy200,NY,Farm4,5/20/21,BRD,101.8,Dairy 200,0.585973045,5.380003324,35,3.005621588,35,Cow
Dairy201,NY,Farm4,5/20/21,BRD,102.9,Dairy 201,0.564222069,16.54909986,183,4.240523713,189,calf
Dairy202,NY,Farm4,5/20/21,BRD,102.6,Dairy 202,0.536736397,8.484878004,81,3.402828248,81.3,calf
Dairy203,NY,Farm4,5/20/21,BRD,102.8,Dairy 203,0.571707761,7.73538419,83,3.644659522,84.11111111,calf
Dairy204,TX,Farm1,1/1/22,BRD,101.6,Dairy 204,0.487129557,13.44429436,107,3.283967827,109.5,calf
Dairy205,TX,Farm1,1/1/22,BRD,100.5,Dairy 205,0.373438005,14.24419103,107,2.517519982,107.0909091,calf
Dairy206,TX,Farm1,1/1/22,BRD,102.9,Dairy 206,0.571115091,16.73307864,146,4.106217307,146,calf
Dairy207,TX,Farm1,1/1/22,Healthy,101.9,Dairy 207,0.690798268,16.28818042,194,5.250006627,203.7142857,calf
Dairy208,TX,Farm1,1/1/22,Healthy,102.7,Dairy 208,0.766840548,22.15066313,289,6.268864494,289.3333333,calf
Dairy209,TX,Farm1,1/1/22,Healthy,101.5,Dairy 209,0.764038481,21.23365178,274,6.18720813,283.1666667,calf
Dairy210,TX,Farm1,1/1/22,BRD,102.1,Dairy 210,0.767688419,10.08664299,88,4.958830849,88,calf
Dairy213,TX,Farm1,1/1/22,Healthy,101.4,Dairy 213,0.792632826,27.26608262,369,6.759158198,370.4,calf
Dairy214,TX,Farm1,1/1/22,BRD,102.6,Dairy 214,0.733045578,15.42414035,142,5.24109051,144,calf
Dairy215,TX,Farm1,1/1/22,BRD,102.3,Dairy 215,0.6566028,7.259560117,75,4.089859792,75,calf
Dairy216,TX,Farm1,1/1/22,Healthy,101.9,Dairy 216,0.440680693,12.46904434,106,2.96486465,109.6,calf
Dairy217,TX,Farm1,1/1/22,Healthy,101.7,Dairy 217,0.377589464,9.616307972,58,2.211911905,58,calf
Dairy218,TX,Farm1,1/1/22,BRD,102.3,Dairy 218,0.417825347,8.124205917,47,2.320848015,47,calf
Dairy220,TX,Farm1,1/1/22,Healthy,100.6,Dairy 220,0.75098546,19.98106495,275,6.085451321,277.5714286,calf
Dairy221,TX,Farm1,1/1/22,Healthy,101.9,Dairy 221,0.54144658,10.46969616,94,3.548959715,95.5,calf
Dairy222,TX,Farm1,1/1/22,BRD,105.1,Dairy 222,0.513788576,11.45327158,108,3.470584031,108,calf
Dairy223,TX,Farm1,1/1/22,Healthy,101.7,Dairy 223,0.80844126,16.51327358,152,5.859523652,152.5,calf
Dairy224,TX,Farm1,1/1/22,BRD,101.7,Dairy 224,0.618373293,14.48463075,122,4.285782872,122,calf
Dairy225,TX,Farm1,1/1/22,BRD,97.8,Dairy 225,0.687438145,22.9235432,248,5.468017958,249.8666667,calf
Dairy226,TX,Farm1,1/1/22,Healthy,101.2,Dairy 226,0.80987062,14.62578424,147,5.830803107,147,calf
Dairy227,TX,Farm1,1/1/22,Healthy,102.1,Dairy 227,0.484593709,12.15978675,91,3.153636345,91,calf
Dairy228,TX,Farm1,1/1/22,BRD,101.4,Dairy 228,0.498609053,12.90099779,107,3.361356471,107,calf
Dairy231,TX,Farm1,1/1/22,Healthy,102,Dairy 231,0.594749859,12.17055161,111,4.040977875,111,calf
Dairy232,TX,Farm1,1/1/22,BRD,101,Dairy 232,0.605640503,13.53610502,137,4.298855721,137,calf
Dairy233,TX,Farm1,1/1/22,Healthy,102,Dairy 233,0.414400643,12.37866587,105,2.782387659,106,calf
Dairy237,TX,Farm1,1/1/22,Healthy,102.3,Dairy 237,0.816014289,22.28142425,311,6.757227273,316.5,calf
Dairy238,TX,Farm1,1/1/22,BRD,102.3,Dairy 238,0.73923516,16.24208054,173,5.495938587,175.5,calf
Dairy239,TX,Farm1,1/1/22,Healthy,101.5,Dairy 239,0.645931273,16.75269673,173,4.802258875,178,calf
Dairy240,TX,Farm1,1/1/22,BRD,102.1,Dairy 240,0.670518714,18.55625926,199,5.120499722,199.2727273,calf
Dairy241,TX,Farm1,1/1/22,BRD,102.7,Dairy 241,0.731268272,14.51570148,130,5.135234777,130,calf
Dairy243,TX,Farm1,1/1/22,Healthy,102.3,Dairy 243,0.807072178,28.75180826,410,7.004966905,412.5714286,calf
Dairy244,TX,Farm1,1/1/22,BRD,101.7,Dairy 244,0.541822533,16.89655166,167,4.000657366,169.3333333,calf
Dairy245,TX,Farm1,1/1/22,Healthy,103.3,Dairy 245,0.550477627,15.02879398,145,3.952379321,148.1111111,calf
Dairy248,TX,Farm1,1/1/22,BRD,101.8,Dairy 248,0.449294863,8.750451803,57,2.620687517,57,calf
Dairy249,TX,Farm1,1/1/22,Healthy,101.6,Dairy 249,0.621234939,15.72940917,174,4.62381655,174.2,calf
Dairy250,TX,Farm1,1/1/22,BRD,101.9,Dairy 250,0.701489971,19.42209624,186,5.288644296,186,calf
Dairy251,TX,Farm1,1/1/22,BRD,101.4,Dairy 251,0.831653405,12.64476667,125,5.793118219,125.75,calf
Dairy252,TX,Farm1,1/1/22,Healthy,101.9,Dairy 252,0.572973373,15.2491503,141,4.090772821,141.1666667,calf
Dairy253,TX,Farm1,1/1/22,Healthy,102.2,Dairy 253,0.741464331,12.96665822,111,5.037817017,111,calf
Dairy255,TX,Farm1,1/1/22,Healthy,101.7,Dairy 255,0.347855931,8.615967368,75,2.166731523,75.16666667,calf
Dairy256,TX,Farm1,1/1/22,BRD,102,Dairy 256,0.555652918,11.05772778,87,3.580040352,87,calf
Dairy257,TX,Farm1,1/1/22,BRD,102.5,Dairy 257,0.635283499,15.13956757,152,4.604488753,152,calf
Dairy258,TX,Farm1,1/1/22,Healthy,103.1,Dairy 258,0.779168476,15.04857559,138,5.538738167,138,calf
Dairy285,TX,Farm1,1/1/22,Healthy,102.2,Dairy 285,0.654334384,15.56391281,199,4.996906063,200.75,calf
Dairy286,TX,Farm1,1/1/22,BRD,102.3,Dairy 286,0.624537486,15.50063212,150,4.514668252,154.5882353,calf
Dairy287,TX,Farm1,1/1/22,Healthy,102.2,Dairy 287,0.693500689,11.97907415,128,4.854504826,128,calf
Dairy288,TX,Farm1,1/1/22,BRD,102.2,Dairy 288,0.621740231,26.25258208,406,5.387587953,476.5454545,calf
Dairy289,TX,Farm1,1/1/22,Healthy,102.2,Dairy 289,0.44713324,21.08678595,192,3.391488862,197.44,calf
Dairy290,TX,Farm1,1/1/22,BRD,101.2,Dairy 290,0.494374432,26.99726114,405,4.282161625,515.3382353,calf
Dairy291,TX,Farm1,1/1/22,Healthy,102.9,Dairy 291,0.484478374,12.96501164,150,3.502206328,154,calf
Dairy292,TX,Farm1,1/1/22,BRD,101.8,Dairy 292,0.677467308,16.90361015,215,5.24914735,219.6153846,calf
Dairy294,TX,Farm1,1/1/22,BRD,101.6,Dairy 294,0.803288701,25.72830826,315,6.666660029,315.125,calf
Dairy295,TX,Farm1,1/1/22,BRD,102,Dairy 295,0.695024617,28.79198596,357,5.893656034,367.972973,calf
Dairy296,TX,Farm1,1/1/22,BRD,102.5,Dairy 296,0.357847265,15.39898599,140,2.551194427,144.0909091,calf
Dairy299,TX,Farm1,1/1/22,Healthy,102.8,Dairy 299,0.537664753,17.87865223,226,4.204634592,229.3,calf
Dairy302,TX,Farm1,1/1/22,Healthy,101.5,Dairy 302,0.657295306,18.09281064,213,5.083988326,215.3571429,calf
Dairy303,TX,Farm1,1/1/22,BRD,101.2,Dairy 303,0.386812556,12.58530456,130,2.716340045,156.0909091,calf
Dairy304,TX,Farm1,1/1/22,BRD,102.1,Dairy 304,0.683689862,25.69206069,403,5.91708691,457.6375,calf
Dairy305,TX,Farm1,1/1/22,Healthy,102.2,Dairy 305,0.665087254,22.4181049,343,5.601407927,409.7254902,calf
Dairy306,TX,Farm1,1/1/22,Healthy,102.2,Dairy 306,0.500035639,17.90820513,254,3.994627052,306.3170732,calf
Dairy307,TX,Farm1,1/1/22,BRD,104.3,Dairy 307,0.386699421,16.86858624,152,2.802769374,153.1666667,calf
Dairy308,TX,Farm1,1/1/22,Healthy,102.2,Dairy 308,0.534719505,12.67269453,118,3.680283485,118.9090909,calf
Dairy309,TX,Farm1,1/1/22,BRD,101.7,Dairy 309,0.693700855,25.60780512,299,5.704996992,300.3333333,calf
Dairy310,TX,Farm1,1/1/22,Healthy,100.5,Dairy 310,0.643270444,24.25810612,266,5.181725105,267.6666667,calf
Dairy312,TX,Farm1,1/1/22,Healthy,102.2,Dairy 312,0.59343377,17.87186176,218,4.609902912,222.55,calf
Dairy314,TX,Farm1,1/1/22,BRD,101.1,Dairy 314,0.708806274,28.50249126,370,6.047096709,373.9565217,calf
Dairy315,TX,Farm1,1/1/22,Healthy,101.6,Dairy 315,0.769823158,37.26636294,649,7.191745423,726.6796117,calf
Dairy261,TX,Farm1,1/1/22,Healthy,102.7,Dairy261,0.830084638,11.47466272,106,5.584743413,106,calf
Dairy263,TX,Farm1,1/1/22,Healthy,101.8,Dairy263,0.754843504,16.23256907,172,5.605667709,172,calf
Dairy264,TX,Farm1,1/1/22,BRD,102.8,Dairy264,0.55654986,13.83737286,125,3.876806271,125.2,calf
Dairy265,TX,Farm1,1/1/22,Healthy,103,Dairy265,0.801141544,22.65700823,291,6.557243672,291.1666667,calf
Dairy266,TX,Farm1,1/1/22,Healthy,102.1,Dairy266,0.528679999,13.45033927,108,3.571173915,108.9090909,calf
Dairy268,TX,Farm1,1/1/22,Healthy,101.9,Dairy268,0.850463137,22.75852267,273,6.882591626,273.9090909,calf
Dairy269,TX,Farm1,1/1/22,Healthy,101.7,Dairy269,0.824623876,20.19978395,250,6.568775914,250.2,calf
Dairy270,TX,Farm1,1/1/22,BRD,102.3,Dairy270,0.588372315,15.77088739,154,4.275576018,154,calf
Dairy271,TX,Farm1,1/1/22,BRD,104.8,Dairy271,0.369004465,19.91940664,186,2.781983264,192.3636364,calf
Dairy273,TX,Farm1,1/1/22,BRD,103.8,Dairy273,0.636425598,19.4686813,203,4.878415996,216.6363636,calf
Dairy275,TX,Farm1,1/1/22,Healthy,102.9,Dairy275,0.405232013,11.58185164,85,2.597290394,85.33333333,calf
Dairy276,TX,Farm1,1/1/22,BRD,102.5,Dairy276,0.327967186,9.888334824,87,2.113074048,87.27272727,calf
Dairy277,TX,Farm1,1/1/22,BRD,102.7,Dairy277,0.262410897,9.349012754,74,1.629428225,74.3,calf
Dairy278,TX,Farm1,1/1/22,Healthy,102.2,Dairy278,0.374343371,16.73583716,214,2.897966849,237.65,calf
Dairy279,TX,Farm1,1/1/22,Healthy,103.2,Dairy279,0.561905752,13.0641182,127,3.926982126,132.3529412,calf
Dairy280,TX,Farm1,1/1/22,BRD,103.8,Dairy280,0.44779039,27.18505906,395,3.862509529,514.2307692,calf
Dairy282,TX,Farm1,1/1/22,BRD,103,Dairy282,0.511582044,20.50305954,217,3.970670247,218.2173913,calf
Dairy283,TX,Farm1,1/1/22,BRD,103,Dairy283,0.761543857,27.05239703,385,6.540682872,392.3170732,calf
Dairy284,TX,Farm1,1/1/22,Healthy,102.2,Dairy284,0.569809352,14.04328365,156,4.151290319,156.1428571,calf