Name,ID,Status,State,Farm,Date of colleciton,RectaTemp,16S copies,Hscopy_log,HScopies,HSpre_abs,MBcopy_log,MBpre_abs,MBcopies,MHcopy_log,MHpre_abs,MHcopies,PMcopy_log,PMpre_abs,PMcopies,quality
Beef 1,Beef1,BRD,TX,Cactus,3/3/21,104,896285.11,5.73340997,541265.0305,1,4.983949991,1,96371.80455,4.742105433,1,55221.14824,4.913638224,1,81966.84596,Clean
Beef 10,Beef10,BRD,TX,Cactus,3/11/21,104.3,108862294.6,4.359631652,22889.25469,1,2.826074803,0,670,4.068563009,1,11710.16486,4.470968747,1,29577.99606,Clean
Beef 100,Beef100,BRD,CO,Five Rivers,4/9/21,103.5,708908723.9,4.166049766,14657.15788,1,2.826074803,0,670,2.230448921,0,170,3.469360541,1,2946.867036,Clean
Beef 101,Beef101,Healthy,CO,Five Rivers,4/9/21,101.8,975694806.1,5.827101482,671585.7654,1,2.826074803,0,670,5.173278486,1,149031.6419,5.980890539,1,956952.8469,Clean
Beef 102,Beef102,Healthy,CO,Five Rivers,4/9/21,103.5,366241103.5,3.182607229,1522.675042,1,2.826074803,0,670,2.230448921,0,170,2.278753601,0,190,Clean
Beef 103,Beef103,Healthy,CO,Five Rivers,4/9/21,103.5,549487827.8,3.19431769,1564.291516,1,2.826074803,0,670,2.230448921,0,170,2.278753601,0,190,Clean
Beef 104,Beef104,Healthy,CO,Five Rivers,4/9/21,104.1,1604281775,6.030850201,1073619.031,1,4.089532004,1,12289.43748,2.230448921,0,170,4.271902247,1,18702.61125,Clean
Beef 105,Beef105,Healthy,CO,Five Rivers,4/9/21,102.9,386423853.3,4.484941536,30545.09895,1,2.826074803,0,670,2.230448921,0,170,2.278753601,0,190,Clean
Beef 106,Beef106,Healthy,CO,Five Rivers,4/9/21,103.1,511125813.2,5.909985833,812804.0013,1,4.659670847,1,45674.1892,4.632547245,1,42908.88651,2.278753601,0,190,Clean
Beef 107,Beef107,BRD,CO,Five Rivers,4/9/21,,585885397.9,3.802568459,6346.99942,1,2.826074803,0,670,2.230448921,0,170,2.278753601,0,190,Clean
Beef 108,Beef108,Healthy,CO,Five Rivers,4/9/21,102.2,2209141947,3.428811646,2684.180062,1,2.826074803,0,670,3.445152033,1,2787.096675,3.995747433,1,9902.558862,Clean
Beef 109,Beef109,BRD,CO,Five Rivers,4/9/21,104,966761705.2,4.722710889,52809.35812,1,3.963528848,1,9194.515465,3.51313871,1,3259.40787,4.055437154,1,11361.53876,Clean
Beef 11,Beef11,Healthy,TX,Cactus,3/9/21,101.5,4334528.83,4.594586581,39317.56208,1,3.646246362,1,4428.395103,2.230448921,0,170,4.910472883,1,81371.60517,Clean
Beef 110,Beef110,BRD,CO,Five Rivers,4/9/21,107.2,515652261.3,4.512033529,32511.23965,1,2.826074803,0,670,5.242846248,1,174922.7306,4.542619275,1,34883.43751,Clean
Beef 111,Beef111,Healthy,CO,Five Rivers,4/9/21,103.5,2125238728,5.958265153,908374.9573,1,2.826074803,0,670,2.230448921,0,170,5.110557417,1,128990.4081,Clean
Beef 112,Beef112,BRD,CO,Five Rivers,4/9/21,105,780073474.2,7.445111044,27868336.4,1,5.779941788,1,602478.8253,5.471576617,1,296194.2459,3.430203883,1,2692.798664,Clean
Beef 114,Beef114,Healthy,CO,Five Rivers,4/9/21,102.6,2403325383,4.302959291,20089.04497,1,2.826074803,0,670,3.56584156,1,3679.946966,5.485508504,1,305850.0137,Clean
Beef 115,Beef115,BRD,CO,Five Rivers,4/9/21,103.6,1460348085,4.863831392,73085.52857,1,2.826074803,0,670,4.915034521,1,82230.80104,3.553658608,1,3578.150534,Clean
Beef 116,Beef116,BRD,CO,Five Rivers,4/9/21,106.2,3057265900,6.627279671,4239158.653,1,3.600323006,1,3984.033727,3.748720449,1,5606.869519,5.853642305,1,713908.0932,Clean
Beef 117,Beef117,BRD,CO,Five Rivers,4/9/21,104.9,969457833.3,5.669718045,467431.574,1,6.086041929,1,1219107.292,2.230448921,0,170,5.709857559,1,512693.202,Clean
Beef 118,Beef118,Healthy,CO,Five Rivers,4/9/21,103.1,1830894588,3.974576879,9431.415512,1,2.826074803,0,670,2.230448921,0,170,2.278753601,0,190,Clean
Beef 119,Beef119,BRD,CO,Five Rivers,4/9/21,104.2,640162247.7,4.69749183,49830.10815,1,4.40450228,1,25380.62309,2.230448921,0,170,2.278753601,0,190,Clean
Beef 12,Beef12,Healthy,TX,Cactus,3/10/21,102,230,2.278753601,190,0,2.826074803,0,670,2.230448921,0,170,2.278753601,0,190,Clean
Beef 120,Beef120,BRD,CO,Five Rivers,4/9/21,103.8,2796747653,7.036387896,10873964.12,1,6.628468646,1,4250780.169,5.137440548,1,137227.3093,5.936109424,1,863196.0092,Clean
Beef 121,Beef121,Healthy,CO,Five Rivers,4/9/21,102.1,1960800672,5.033612876,108047.0405,1,3.53276666,1,3410.096426,6.191497549,1,1554166.519,5.70376129,1,505546.712,Clean
Beef 122,Beef122,Healthy,CO,Five Rivers,4/9/21,102.2,1217961546,3.407907838,2558.042986,1,2.826074803,0,670,2.230448921,0,170,4.584031738,1,38373.52875,Clean
Beef 123,Beef123,Healthy,CO,Five Rivers,4/9/21,102,2649194217,5.016378069,103843.2014,1,3.445008759,1,2786.177359,2.230448921,0,170,2.278753601,0,190,Clean
Beef 124,Beef124,BRD,CO,Five Rivers,4/9/21,104.4,734271056.6,5.626296737,422957.5067,1,4.573862333,1,37485.41585,5.110035066,1,128835.3573,4.387607732,1,24412.24566,Clean
Beef 125,Beef125,BRD,CO,Five Rivers,4/9/21,104.1,157883497.2,6.279347887,1902601.729,1,5.686466716,1,485810.2977,4.849682987,1,70742.92081,3.839275206,1,6906.773373,Clean
Beef 126,Beef126,BRD,CO,Five Rivers,4/9/21,104,985680021.1,6.590227715,3892491.88,1,5.066833826,1,116636.3245,5.253386818,1,179220.1425,6.314420539,1,2062626.244,Clean
Beef 128,Beef128,Healthy,CO,Five Rivers,4/9/21,102.1,942990666.6,3.70040363,5016.5325,1,2.826074803,0,670,2.230448921,0,170,2.278753601,0,190,Clean
Beef 129,Beef129,BRD,CO,Five Rivers,4/9/21,102.6,281863098.7,6.784637575,6090284.426,1,3.759032753,1,5741.597619,3.604841669,1,4025.702422,6.701238224,1,5026182.161,Clean
Beef 13,Beef13,Healthy,TX,Cactus,3/10/21,101.9,230,2.278753601,190,0,2.826074803,0,670,2.230448921,0,170,2.278753601,0,190,Clean
Beef 130,Beef130,BRD,CO,Five Rivers,4/9/21,104,443703812.4,5.33466428,216104.7335,1,2.826074803,0,670,4.325816657,1,21174.67033,4.558644241,1,36194.63828,Clean
Beef 131,Beef131,Healthy,CO,Five Rivers,4/9/21,101.8,1063914059,5.017565603,104127.5388,1,3.646424772,1,4430.214685,3.796153015,1,6253.92998,3.312261545,1,2052.397821,Clean
Beef 132,Beef132,Healthy,CO,Five Rivers,4/9/21,103.6,410562001,3.593575599,3922.614223,1,2.826074803,0,670,2.230448921,0,170,2.278753601,0,190,Clean
Beef 133,Beef133,Healthy,CO,Five Rivers,4/9/21,,753883094.2,8.175370414,149751235.4,1,7.931790563,1,85465445.91,4.843358645,1,69720.20331,3.329550797,1,2135.751879,Clean
Beef 134,Beef134,Healthy,CO,Five Rivers,4/9/21,102.9,372828579,5.275635918,188640.9254,1,4.659976041,1,45706.29742,2.230448921,0,170,2.278753601,0,190,Clean
Beef 135,Beef135,Healthy,CO,Five Rivers,4/9/21,103.5,236582558.8,4.574288299,37522.20039,1,3.782714639,1,6063.377936,2.230448921,0,170,4.795947037,1,62509.64569,Clean
Beef 136,Beef136,BRD,CO,Five Rivers,4/9/21,105.3,609587059.5,4.51156189,32475.95196,1,3.366062893,1,2323.073194,3.71340954,1,5169.035799,2.278753601,0,190,Clean
Beef 137,Beef137,Healthy,CO,Five Rivers,4/9/21,102.2,1112212073,5.314627737,206361.0539,1,4.694855151,1,49528.49726,2.230448921,0,170,4.832738192,1,68035.90909,Clean
Beef 138,Beef138,BRD,CO,Five Rivers,4/9/21,105.6,2334035438,6.654686544,4515299.31,1,4.154475275,1,14271.68576,2.230448921,0,170,2.278753601,0,190,Clean
Beef 139,Beef139,Healthy,CO,Five Rivers,4/9/21,103.3,258379920.4,4.459270666,28791.92256,1,3.549097994,1,3540.772258,2.230448921,0,170,3.547911915,1,3531.115431,Clean
Beef 14,Beef14,BRD,TX,Cactus,3/8/21,105,230,2.278753601,190,0,2.826074803,0,670,2.230448921,0,170,2.278753601,0,190,Clean
Beef 140,Beef140,Healthy,CO,Five Rivers,4/9/21,102.2,251810823.1,4.435392819,27251.65105,1,3.831379677,1,6782.341875,4.768520598,1,58684.12018,3.540910762,1,3474.647575,Clean
Beef 141,Beef141,BRD,CO,Five Rivers,4/9/21,103.6,1104988471,3.820860981,6620.045595,1,2.826074803,0,670,2.230448921,0,170,5.868002958,1,737909.2555,Clean
Beef 142,Beef142,BRD,CO,Five Rivers,4/9/21,104.2,88880002.81,3.297862134,1985.464533,1,2.826074803,0,670,2.230448921,0,170,2.278753601,0,190,Clean
Beef 144,Beef144,BRD,CO,Five Rivers,4/9/21,104.1,833923168.4,4.507572136,32178.96982,1,3.46315198,1,2905.039083,2.230448921,0,170,3.413329233,1,2590.175748,Clean
Beef 145,Beef145,Healthy,CO,Five Rivers,4/9/21,102.6,278060454.7,6.027653848,1065746.336,1,4.029303909,1,10698.03239,2.230448921,0,170,2.278753601,0,190,Clean
Beef 146,Beef146,Healthy,CO,Five Rivers,4/9/21,103.6,103191994.2,3.948441336,8880.580109,1,2.826074803,0,670,2.230448921,0,170,2.278753601,0,190,Clean
Beef 147,Beef147,BRD,CO,Five Rivers,4/9/21,102.6,1270766339,6.39392115,2476972.299,1,6.93569381,1,8623703.386,3.390868098,1,2459.620464,6.276978469,1,1892249.805,Clean
Beef 148,Beef148,Healthy,CO,Five Rivers,4/9/21,104.7,323953842.3,5.779141777,601370.025,1,4.490488499,1,30937.73383,5.358792518,1,228450.7132,3.35669164,1,2273.482626,Clean
Beef 149,Beef149,BRD,CO,Five Rivers,4/9/21,103.5,218228195.5,5.227095322,168692.3242,1,2.826074803,0,670,4.204600102,1,16017.69804,3.572545119,1,3737.189491,Clean
Beef 15,Beef15,Healthy,TX,Cactus,3/10/21,102.2,1428446133,5.096365292,124843.3149,1,2.826074803,0,670,2.230448921,0,170,3.350804381,1,2242.871443,Clean
Beef 150,Beef150,BRD,CO,Five Rivers,4/9/21,103.6,320414688.7,3.334587968,2160.667642,1,2.826074803,0,670,2.230448921,0,170,2.278753601,0,190,Clean
Beef 151,Beef151,BRD,CO,Five Rivers,4/9/21,105.4,21559674614,7.296397687,19787807.96,1,5.671685269,1,469553.7017,5.248116533,1,177058.3991,6.135585254,1,1366423.285,Clean
Beef 152,Beef152,BRD,CO,Five Rivers,4/9/21,107.1,90620169.2,4.331387893,21448.05394,1,2.826074803,0,670,2.230448921,0,170,3.36337658,1,2308.748254,Clean
Beef 153,Beef153,BRD,CO,Five Rivers,4/9/21,102.2,1283392024,6.368280963,2334968.16,1,4.029820539,1,10710.76619,3.693382457,1,4936.083036,4.080335597,1,12031.93832,Clean
Beef 154,Beef154,Healthy,CO,Five Rivers,4/9/21,102.6,2234629774,5.31078346,204542.4531,1,3.444988484,1,2786.047288,3.790355701,1,6171.002197,3.576695337,1,3773.074118,Clean
Beef 155,Beef155,Healthy,TX,Cactus,4/7/21,102.5,1828644507,5.948502752,888183.6036,1,2.826074803,0,670,3.292777057,1,1962.352653,5.267509773,1,185144.0556,Clean
Beef 156,Beef156,BRD,TX,Cactus,4/7/21,104.5,485096976.7,4.595864471,39433.42238,1,4.699353296,1,50044.14758,4.039049413,1,10940.80842,4.070720487,1,11768.48308,Clean
Beef 159,Beef159,Healthy,TX,Cactus,4/15/21,101.6,230,2.278753601,190,0,4.250146666,1,17788.80056,4.495456095,1,31293.6409,2.278753601,0,190,Clean
Beef 16,Beef16,Healthy,TX,Cactus,3/11/21,102.1,161766.89,7.757057648,57155449.98,1,2.826074803,0,670,2.230448921,0,170,5.661879145,1,459070.2459,Clean
Beef 160,Beef160,BRD,TX,Cactus,4/13/21,104.2,1014321244,5.181126783,151749.3304,1,2.826074803,0,670,5.793000263,1,620869.4098,3.175175639,1,1496.84089,Clean
Beef 161,Beef161,BRD,TX,Cactus,4/14/21,104.7,857593825.7,6.652769892,4495416.049,1,2.826074803,0,670,2.230448921,0,170,5.012805698,1,102992.5232,Clean
Beef 163,Beef163,BRD,TX,Cactus,4/13/21,105.2,5184214.69,6.827497954,6721991.429,1,3.308101857,1,2032.833722,3.241128264,1,1742.321371,3.432147034,1,2704.873969,Clean
Beef 164,Beef164,BRD,TX,Cactus,4/14/21,104,230,2.278753601,190,0,5.199132858,1,158173.1844,4.636699733,1,43321.12565,2.278753601,0,190,Clean
Beef 165,Beef165,Healthy,TX,Cactus,4/13/21,101.7,54894641.82,4.368835009,23379.48868,1,2.826074803,0,670,2.230448921,0,170,3.848081962,1,7048.260742,Clean
Beef 166,Beef166,BRD,TX,Cactus,4/14/21,104.2,16896187.63,4.551635754,35615.23009,1,2.826074803,0,670,4.16300963,1,14554.91353,3.76267191,1,5789.911298,Clean
Beef 167,Beef167,Healthy,TX,Cactus,4/14/21,101.5,25510440.96,2.278753601,190,0,2.826074803,0,670,3.362935587,1,2306.405087,3.267062572,1,1849.535075,Clean
Beef 168,Beef168,Healthy,TX,Cactus,4/14/21,102.3,3720886.29,3.003711423,1008.582488,1,2.826074803,0,670,2.230448921,0,170,3.536113921,1,3436.480797,Clean
Beef 169,Beef169,Healthy,TX,Cactus,4/13/21,102.5,6643490.16,2.278753601,190,0,2.826074803,0,670,2.230448921,0,170,2.278753601,0,190,Clean
Beef 17,Beef17,Healthy,TX,Cactus,3/8/21,103.8,230,2.278753601,190,0,2.826074803,0,670,2.230448921,0,170,2.278753601,0,190,Clean
Beef 170,Beef170,BRD,TX,Cactus,4/13/21,105.5,3068387.1,4.744737968,55556.89528,1,2.826074803,0,670,3.897805775,1,7903.251004,2.278753601,0,190,Clean
Beef 171,Beef171,Healthy,TX,Cactus,4/13/21,103,2509307.39,3.298867532,1990.066241,1,2.826074803,0,670,2.230448921,0,170,3.476293406,1,2994.286872,Clean
Beef 172,Beef172,Healthy,TX,Cactus,4/14/21,102.7,10905494.25,2.91191905,816.4301799,1,2.826074803,0,670,2.230448921,0,170,2.278753601,0,190,Clean
Beef 174,Beef174,BRD,TX,Cactus,4/13/21,104.8,12394605.87,3.739934683,5494.582306,1,2.826074803,0,670,3.60128841,1,3992.899784,2.278753601,0,190,Clean
Beef 176,Beef176,Healthy,TX,Cactus,4/13/21,101.5,18921323.21,3.177551516,1505.052039,1,2.826074803,0,670,2.230448921,0,170,2.278753601,0,190,Clean
Beef 178,Beef178,BRD,TX,Cactus,4/21/21,104.6,2466179.83,4.797954659,62799.27917,1,3.380490563,1,2401.544083,2.230448921,0,170,3.677689699,1,4760.907015,Clean
Beef 179,Beef179,Healthy,TX,Cactus,4/21/21,102.3,2661634.63,2.957919919,907.6531492,1,2.826074803,0,670,2.230448921,0,170,3.798004368,1,6280.646758,Clean
Beef 180,Beef180,BRD,TX,Cactus,4/27/21,104,12496540.18,3.871623444,7440.865324,1,2.826074803,0,670,2.230448921,0,170,3.548482207,1,3535.755352,Clean
Beef 181,Beef181,Healthy,TX,Cactus,4/27/21,103.2,5381862.25,5.001801645,100415.7057,1,3.758052206,1,5728.648906,2.230448921,0,170,3.484140015,1,3048.877779,Clean
Beef 183,Beef183,BRD,TX,Cactus,4/28/21,104,24733248.02,5.165059629,146237.7946,1,3.647237988,1,4438.518025,2.230448921,0,170,3.472631655,1,2969.146698,Clean
Beef 184,Beef184,Healthy,TX,Cactus,4/29/21,102.5,11498080.24,3.223101396,1671.480814,1,3.225796889,1,1681.887291,2.230448921,0,170,2.278753601,0,190,Clean
Beef 185,Beef185,BRD,TX,Cactus,4/29/21,104,24394525.11,5.146118095,139996.7955,1,3.569891151,1,3714.421213,3.55523725,1,3591.18063,4.924777395,1,84096.39816,Clean
Beef 186,Beef186,Healthy,TX,Cactus,4/29/21,102.9,12358166.82,4.548106804,35327.00375,1,2.826074803,0,670,4.505996665,1,32062.44701,4.844741985,1,69942.63429,Clean
Beef 187,Beef187,BRD,TX,Cactus,4/29/21,104,22771379.95,4.83854366,68951.49079,1,2.826074803,0,670,2.230448921,0,170,4.143255156,1,13907.69495,Clean
Beef 188,Beef188,Healthy,TX,Cactus,4/29/21,103,7096313.76,2.839309836,690.7324135,1,2.826074803,0,670,2.230448921,0,170,2.278753601,0,190,Clean
Beef 190,Beef190,Healthy,IN,Ault,4/7/21,101.8,224315487.3,6.962701412,9177014.37,1,2.826074803,0,670,3.345867159,1,2217.518027,4.6799632,1,47858.95373,Clean
Beef 191,Beef191,BRD,IN,Ault,4/7/21,102.7,4.41E+11,7.164744442,14613170.18,1,2.826074803,0,670,5.271242047,1,186742.0179,6.262885754,1,1831832.474,Clean
Beef 192,Beef192,BRD,IN,Ault,4/7/21,102.4,84030733827,3.182963383,1523.924262,1,2.826074803,0,670,2.230448921,0,170,6.466897583,1,2930202.154,Clean
Beef 193,Beef193,BRD,IN,Ault,4/7/21,102.9,11878623162,5.10282316,126713.5796,1,2.826074803,0,670,3.964211366,1,9208.976532,5.029398846,1,107003.7126,Clean
Beef 194,Beef194,Healthy,IN,Ault,4/7/21,103.6,1.45E+11,5.411299572,257809.8892,1,4.171560296,1,14844.3196,4.715754008,1,51970.15449,6.305780549,1,2021997.195,Clean
Beef 195,Beef195,BRD,IN,Ault,4/7/21,103.6,2.04E+11,6.783207827,6070267.461,1,6.042015056,1,1101577.498,5.674945879,1,473092.299,6.261839539,1,1827424.905,Clean
Beef 196,Beef196,BRD,IN,Ault,4/7/21,103.8,1.85E+11,7.354159783,22602672.01,1,5.976567732,1,947474.9409,5.807757061,1,642328.3058,6.215806101,1,1643637.726,Clean
Beef 197,Beef197,Healthy,IN,Ault,4/7/21,101.8,2.36E+11,3.384555425,2424.127312,1,3.927620272,1,8464.869595,5.341863866,1,219717.1041,7.017206416,1,10404145.46,Clean
Beef 198,Beef198,Healthy,IN,Ault,4/7/21,103.4,1.26E+11,6.435946369,2728640.799,1,3.1692742,1,1476.638544,3.325979852,1,2118.262863,5.164360518,1,146002.576,Clean
Beef 199,Beef199,Healthy,IN,Ault,4/7/21,103,12449358067,6.77779596,5995093.489,1,2.826074803,0,670,2.230448921,0,170,6.287994902,1,1940863.095,Clean
Beef 2,Beef2,BRD,TX,Cactus,3/4/21,104,9430713.31,7.690320384,49014026.79,1,4.98692487,1,97034.2089,4.488077696,1,30766.4718,5.200211922,1,158566.6759,Clean
Beef 200,Beef200,Healthy,IN,Ault,4/7/21,103.3,870000508.3,4.556224605,35993.54354,1,2.826074803,0,670,2.230448921,0,170,6.838303734,1,6891340.904,Clean
Beef 201,Beef201,BRD,IN,Ault,4/7/21,102.4,2.56E+11,5.592597113,391378.6336,1,2.826074803,0,670,5.389296431,1,245073.5441,5.827660518,1,672450.8046,Clean
Beef 202,Beef202,Healthy,IN,Ault,4/7/21,103.3,1.65E+11,7.222471022,16690564.37,1,5.656272497,1,453181.8388,4.298347436,1,19876.84429,5.780580865,1,603366.0428,Clean
Beef 21,Beef21,Healthy,TX,Cactus,3/11/21,103.1,230,2.278753601,190,0,2.826074803,0,670,2.230448921,0,170,2.278753601,0,190,Clean
Beef 210,Beef210,Healthy,IN,Ault,5/19/21,102.5,2.72E+11,7.630164994,42674161.25,1,4.900405491,1,79507.02274,2.230448921,0,170,4.601497112,1,39948.19046,Clean
Beef 211,Beef211,BRD,IN,Ault,5/19/21,103.7,3138017508,6.310571452,2044426.268,1,2.826074803,0,670,5.189025601,1,154534.5533,5.702114776,1,503633.6927,Clean
Beef 212,Beef212,BRD,IN,Ault,5/19/21,105.3,84834743833,6.588380619,3875971.893,1,5.192687288,1,155842.9959,4.419563991,1,26276.28663,5.358956417,1,228536.9447,Clean
Beef 213,Beef213,Healthy,IN,Ault,5/19/21,102,10709022.7,5.852366723,711814.3238,1,4.222133228,1,16677.58751,2.230448921,0,170,5.781627079,1,604821.3026,Clean
Beef 214,Beef214,BRD,IN,Ault,5/19/21,104.3,2.09E+11,7.72667662,53293791.68,1,3.802923288,1,6352.187195,5.282836674,1,191794.732,6.577796321,1,3782651.415,Clean
Beef 215,Beef215,BRD,IN,Ault,5/19/21,103.1,230,6.363788143,2310937.199,1,6.436930156,1,2734828.873,5.897351906,1,789499.5845,6.316242694,1,2071298.515,Clean
Beef 216,Beef216,BRD,IN,Ault,5/19/21,103,3.74E+11,7.376709228,23807249.77,1,5.194174728,1,156377.6663,6.19459598,1,1565294.214,5.805690013,1,639278.3738,Clean
Beef 217,Beef217,Healthy,IN,Ault,5/19/21,102.8,3.08E+11,4.242336326,17471.74673,1,2.826074803,0,670,4.770564972,1,58961.01781,6.144663514,1,1395286.892,Clean
Beef 218,Beef218,BRD,IN,Ault,6/8/21,106.7,2.01E+11,6.669558622,4672600.19,1,4.994857878,1,98822.96465,2.230448921,0,170,4.82852566,1,67379.17056,Clean
Beef 219,Beef219,Healthy,IN,Ault,6/8/21,104.5,2.00E+11,6.223981582,1674871.846,1,5.809974545,1,645616.387,4.544996774,1,35074.92683,5.493918089,1,311830.1394,Clean
Beef 22,Beef22,BRD,TX,Cactus,3/10/21,104.6,230,2.278753601,190,0,2.826074803,0,670,2.230448921,0,170,2.278753601,0,190,Clean
Beef 220,Beef220,Healthy,IN,Ault,6/8/21,102.5,1985839434,5.140706228,138263.0803,1,2.826074803,0,670,2.230448921,0,170,5.796274082,1,625567.3624,Clean
Beef 221,Beef221,Healthy,IN,Ault,6/8/21,103.5,3.41E+11,7.030349748,10723825.73,1,3.665087258,1,4624.739319,2.230448921,0,170,6.516069665,1,3281479.271,Clean
Beef 222,Beef222,BRD,IN,Ault,6/8/21,103.8,2100504.78,5.611538647,408826.1309,1,3.768464281,1,5867.651079,2.230448921,0,170,3.743078106,1,5534.496362,Clean
Beef 224,Beef224,Healthy,IN,Ault,6/8/21,102.7,3.23E+11,6.642499288,4390351.458,1,3.359666415,1,2289.108693,5.781405636,1,604512.9874,5.946928972,1,884970.8622,Clean
Beef 225,Beef225,Healthy,IN,Ault,6/7/21,104.9,45429660.67,3.243846886,1753.262265,1,2.826074803,0,670,2.230448921,0,170,2.278753601,0,190,Clean
Beef 226,Beef226,Healthy,IN,Ault,6/7/21,104.1,234991182.6,4.530067248,33889.66284,1,2.826074803,0,670,2.230448921,0,170,4.885021244,1,76739.90267,Clean
Beef 227,Beef227,Healthy,IN,Ault,6/7/21,104.4,2457064.8,5.644911826,441480.8051,1,2.826074803,0,670,3.94523834,1,8815.325241,5.307691906,1,203091.5743,Clean
Beef 228,Beef228,BRD,IN,Ault,6/7/21,105,2.67E+11,7.245922445,17616614.27,1,6.123824211,1,1329915.999,4.746321661,1,55759.85823,6.141524871,1,1385239.512,Clean
Beef 229,Beef229,Healthy,IN,Ault,6/7/21,103.8,819132.59,2.7757204,596.6510379,1,2.826074803,0,670,2.230448921,0,170,3.925119431,1,8416.265573,Clean
Beef 23,Beef23,Healthy,TX,Cactus,3/8/21,102.9,230,2.278753601,190,0,2.826074803,0,670,2.230448921,0,170,2.278753601,0,190,Clean
Beef 230,Beef230,Healthy,IN,Ault,6/7/21,104.3,5636526.12,5.938956593,868873.5829,1,3.588732047,1,3879.109572,4.749483832,1,56167.33677,5.72042353,1,525319.5098,Clean
Beef 231,Beef231,BRD,IN,Ault,6/7/21,105.2,395251494.5,6.744422781,5551658.978,1,5.93888594,1,868732.2418,4.85910576,1,72294.58349,6.459574082,1,2881204.482,Clean
Beef 232,Beef232,BRD,IN,Ault,6/7/21,103.3,1769993.38,3.833740376,6819.309095,1,2.826074803,0,670,2.230448921,0,170,4.803416512,1,63594.05414,Clean
Beef 233,Beef233,Healthy,IN,Ault,6/7/21,103.8,334249620.3,4.411006177,25763.57799,1,3.585509262,1,3850.430265,4.203482305,1,15976.52434,4.944655471,1,88035.02078,Clean
Beef 24,Beef24,BRD,TX,Cactus,3/10/21,104.3,11756549.29,6.388856081,2448251.792,1,5.42324036,1,264996.6356,4.169752481,1,14782.65636,5.254477484,1,179670.7925,Clean
Beef 240,Beef240,BRD,IN,Ault,8/25/21,103.3,10452.89,3.584794499,3844.098429,1,2.826074803,0,670,2.230448921,0,170,4.269847112,1,18614.31728,Clean
Beef 241,Beef241,Healthy,IN,Ault,8/25/21,105.9,1.42E+11,3.48557694,3058.982129,1,2.826074803,0,670,6.003811663,1,1008815.306,5.259566039,1,181788.3462,Clean
Beef 242,Beef242,Healthy,IN,Ault,8/25/21,103.1,15312223131,4.984664066,96530.39121,1,4.896686893,1,78829.15896,3.41820984,1,2619.448352,3.315392702,1,2067.248579,Clean
Beef 243,Beef243,Healthy,IN,Ault,8/25/21,105.6,66591050805,4.639206564,43571.90656,1,2.826074803,0,670,4.769510915,1,58818.08964,4.687286702,1,48672.84158,Clean
Beef 244,Beef244,Healthy,IN,Ault,8/25/21,104.2,1.52E+11,5.562831845,365453.2638,1,5.537277363,1,344569.9211,3.857751609,1,7206.951661,6.075613356,1,1190181.942,Clean
Beef 245,Beef245,BRD,IN,Ault,8/25/21,105.3,1672063835,6.528850083,3379481.578,1,4.150736148,1,14149.33887,5.11207944,1,129443.2594,4.084667144,1,12152.54237,Clean
Beef 246,Beef246,Healthy,IN,Ault,9/30/21,103.3,3.26E+11,6.555909418,3596743.089,1,4.585812106,1,38531.16196,5.446215509,1,279392.9926,6.328797268,1,2132049.423,Clean
Beef 247,Beef247,Healthy,IN,Ault,9/30/21,104.2,1.12E+12,3.383653447,2419.097914,1,2.826074803,0,670,3.760778365,1,5764.721954,5.419636859,1,262806.9576,Clean
Beef 248,Beef248,BRD,IN,Ault,9/30/21,103.1,230,5.350867059,224319.5157,1,2.826074803,0,670,3.165124387,1,1462.596018,5.346401843,1,222024.9817,Clean
Beef 249,Beef249,BRD,ID,Boise Valley Feeders,10/1/21,105.4,478612514.9,2.865016204,732.8518761,1,3.304237363,1,2014.825146,2.230448921,0,170,3.340861966,1,2192.108094,Clean
Beef 25,Beef25,BRD,TX,Cactus,3/10/21,105.5,311700.24,6.855189904,7164566.275,1,5.039481054,1,109516.8777,2.230448921,0,170,5.196723156,1,157297.9839,Clean
Beef 250,Beef250,BRD,ID,Boise Valley Feeders,10/1/21,105.1,48701858.03,2.278753601,190,0,2.826074803,0,670,3.633237468,1,4297.713573,4.316926765,1,20745.63655,Clean
Beef 251,Beef251,BRD,ID,Boise Valley Feeders,10/1/21,105.3,41996583.69,3.230016853,1698.309556,1,5.751133507,1,563810.9515,5.180032703,1,151367.5225,2.278753601,0,190,Clean
Beef 252,Beef252,BRD,ID,Boise Valley Feeders,10/1/21,106.2,330367090,2.948511465,888.201423,1,2.826074803,0,670,5.402631783,1,252715.4435,2.278753601,0,190,Clean
Beef 253,Beef253,BRD,ID,Boise Valley Feeders,10/1/21,105.7,237579456.5,3.91447925,8212.573136,1,5.795488073,1,624436.2017,5.021015522,1,104957.994,3.260522378,1,1821.890946,Clean
Beef 254,Beef254,BRD,ID,Boise Valley Feeders,10/1/21,105.8,606200024.5,4.640273735,43679.10536,1,2.826074803,0,670,4.68241158,1,48129.5255,2.278753601,0,190,Clean
Beef 255,Beef255,BRD,ID,Boise Valley Feeders,10/1/21,104.4,41896880.35,3.159572641,1444.018114,1,2.826074803,0,670,2.230448921,0,170,6.40363406,1,2532993.413,Clean
Beef 256,Beef256,BRD,ID,Boise Valley Feeders,10/1/21,104.4,789981508.6,6.837996608,6886469.172,1,2.826074803,0,670,2.230448921,0,170,6.463501386,1,2907377.238,Clean
Beef 257,Beef257,BRD,ID,Boise Valley Feeders,10/1/21,105.2,41056771038,3.731113666,5384.106798,1,2.826074803,0,670,2.230448921,0,170,5.833426415,1,681438.1049,Clean
Beef 258,Beef258,BRD,ID,Boise Valley Feeders,10/1/21,106.9,35993675.36,3.726229207,5323.891631,1,2.826074803,0,670,4.902449002,1,79882.01325,3.661802353,1,4589.8908,Clean
Beef 259,Beef259,Healthy,ID,Boise Valley Feeders,10/6/21,,125071.16,2.278753601,190,0,2.826074803,0,670,2.230448921,0,170,2.278753601,0,190,Clean
Beef 26,Beef26,Healthy,TX,Cactus,3/10/21,102.9,18913797.17,4.719340093,52401.06247,1,2.826074803,0,670,2.230448921,0,170,2.278753601,0,190,Clean
Beef 260,Beef260,Healthy,ID,Boise Valley Feeders,10/6/21,,7060370.33,3.34809902,2228.943295,1,2.826074803,0,670,2.230448921,0,170,2.278753601,0,190,Clean
Beef 261,Beef261,Healthy,ID,Boise Valley Feeders,10/6/21,,359700.99,2.278753601,190,0,3.492781119,1,3110.148454,2.230448921,0,170,2.278753601,0,190,Clean
Beef 262,Beef262,Healthy,ID,Boise Valley Feeders,10/6/21,,19396.13,3.535074962,3428.269552,1,2.826074803,0,670,2.230448921,0,170,2.278753601,0,190,Clean
Beef 263,Beef263,Healthy,ID,Boise Valley Feeders,10/6/21,,2525738.02,6.39158553,2463686.987,1,2.826074803,0,670,2.230448921,0,170,2.278753601,0,190,Clean
Beef 266,Beef266,Healthy,ID,Boise Valley Feeders,10/6/21,,1346599.81,3.677790172,4762.008568,1,2.826074803,0,670,2.230448921,0,170,2.278753601,0,190,Clean
Beef 267,Beef267,Healthy,ID,Boise Valley Feeders,10/6/21,,246897.94,3.365348953,2319.257413,1,2.826074803,0,670,2.230448921,0,170,5.23667143,1,172453.2687,Clean
Beef 268,Beef268,Healthy,ID,Boise Valley Feeders,10/6/21,,1032926.32,3.263318531,1833.658815,1,2.826074803,0,670,3.479935914,1,3019.506121,2.278753601,0,190,Clean
Beef 269,Beef269,BRD,ID,Boise Valley Feeders,10/6/21,107.7,33169.27,3.456096589,2858.226155,1,2.826074803,0,670,2.230448921,0,170,2.278753601,0,190,Clean
Beef 27,Beef27,BRD,TX,Cactus,3/11/21,105.3,611101263.8,5.851858165,710981.2791,1,4.583333041,1,38311.84268,5.265971762,1,184489.5461,6.144797873,1,1395718.623,Clean
Beef 270,Beef270,BRD,ID,Boise Valley Feeders,10/6/21,106.4,67643.56,4.047939221,11167.06956,1,2.826074803,0,670,2.230448921,0,170,2.278753601,0,190,Clean
Beef 271,Beef271,BRD,ID,Boise Valley Feeders,10/6/21,104.1,1262093.9,3.757877945,5726.350738,1,2.826074803,0,670,2.230448921,0,170,5.69588335,1,496458.9565,Clean
Beef 272,Beef272,BRD,ID,Boise Valley Feeders,10/6/21,105.3,1144214.74,4.929136283,84944.69922,1,2.826074803,0,670,2.230448921,0,170,2.278753601,0,190,Clean
Beef 273,Beef273,BRD,ID,Boise Valley Feeders,10/6/21,105.1,107554.27,3.204007026,1599.583905,1,2.826074803,0,670,3.645949892,1,4425.373103,2.278753601,0,190,Clean
Beef 274,Beef274,BRD,ID,Boise Valley Feeders,10/6/21,106.4,35968.16,3.267800244,1852.679276,1,4.894897,1,78504.94254,3.730274452,1,5373.712803,5.139593846,1,137909.3928,Clean
Beef 275,Beef275,BRD,ID,Boise Valley Feeders,10/6/21,105.5,651123.28,5.547589185,352849.2389,1,5.505102719,1,319965.1803,2.230448921,0,170,2.278753601,0,190,Clean
Beef 276,Beef276,BRD,ID,Boise Valley Feeders,10/6/21,104.3,4735852.42,5.850681123,709056.9578,1,2.826074803,0,670,2.230448921,0,170,2.278753601,0,190,Clean
Beef 277,Beef277,BRD,ID,Boise Valley Feeders,10/6/21,104.2,91406.23,3.632376508,4289.202078,1,4.463433658,1,29069.23872,3.475192658,1,2986.707261,2.278753601,0,190,Clean
Beef 278,Beef278,BRD,ID,Boise Valley Feeders,10/6/21,107.2,19276.38,3.427350381,2675.163813,1,5.352221716,1,225020.3088,3.551084762,1,3557.007344,3.349162182,1,2234.40648,Clean
Beef 279,Beef279,BRD,ID,Boise Valley Feeders,10/6/21,105.5,1187672.55,3.175908151,1499.367701,1,2.826074803,0,670,4.150843195,1,14152.82691,2.278753601,0,190,Clean
Beef 28,Beef28,BRD,TX,Cactus,3/8/21,105.4,62313906.88,7.684195331,48327611.39,1,6.870022862,1,7413492.665,5.194295886,1,156421.2983,4.952065103,1,89549.89961,Clean
Beef 280,Beef280,BRD,ID,Boise Valley Feeders,10/6/21,105,10492693.55,3.329822143,2137.086708,1,2.826074803,0,670,3.806166556,1,6399.802269,2.278753601,0,190,Clean
Beef 281,Beef281,BRD,ID,Boise Valley Feeders,10/6/21,106.1,1453456.11,2.278753601,190,0,2.826074803,0,670,4.445979156,1,27924.09813,2.278753601,0,190,Clean
Beef 282,Beef282,BRD,ID,Boise Valley Feeders,10/6/21,106.3,764386.67,5.682925879,481865.5503,1,3.789727251,1,6162.078852,2.230448921,0,170,2.278753601,0,190,Clean
Beef 283,Beef283,BRD,ID,Boise Valley Feeders,10/6/21,106.3,120157.29,2.278753601,190,0,3.984735031,1,9654.616576,3.609584925,1,4069.911123,2.278753601,0,190,Clean
Beef 284,Beef284,BRD,ID,Boise Valley Feeders,10/6/21,104.5,236680.54,5.059246156,114616.2398,1,3.570116219,1,3716.346667,2.230448921,0,170,5.053862803,1,113204.2684,Clean
Beef 285,Beef285,BRD,ID,Boise Valley Feeders,10/6/21,106.1,776204.21,4.461508726,28940.67963,1,3.527059047,1,3365.573245,2.230448921,0,170,5.45890684,1,287678.1256,Clean
Beef 286,Beef286,Healthy,ID,Boise Valley Feeders,10/6/21,,54975.3,3.079238326,1200.157727,1,2.826074803,0,670,3.450821442,1,2823.718779,2.278753601,0,190,Clean
Beef 287,Beef287,Healthy,ID,Boise Valley Feeders,10/6/21,,859546.66,3.205209118,1604.017557,1,2.826074803,0,670,2.230448921,0,170,4.311623347,1,20493.84026,Clean
Beef 288,Beef288,Healthy,ID,Boise Valley Feeders,10/6/21,,1658893.5,5.04724875,111493.2948,1,2.826074803,0,670,3.834099067,1,6824.943596,4.277276091,1,18935.47007,Clean
Beef 289,Beef289,Healthy,ID,Boise Valley Feeders,10/6/21,,501381.5,3.222812678,1670.369988,1,2.826074803,0,670,2.230448921,0,170,2.278753601,0,190,Clean
Beef 29,Beef29,BRD,TX,Cactus,3/10/21,106,29668554.21,5.817881343,657478.178,1,3.474695044,1,2983.287057,2.230448921,0,170,5.376129526,1,237754.9273,Clean
Beef 290,Beef290,Healthy,ID,Boise Valley Feeders,10/6/21,,591911.72,3.308137536,2033.000735,1,2.826074803,0,670,2.230448921,0,170,4.259122531,1,18160.27963,Clean
Beef 291,Beef291,Healthy,ID,Boise Valley Feeders,10/6/21,,36965275.12,3.570443966,3719.152327,1,3.770243218,1,5891.735182,4.526087488,1,33580.52546,4.147144128,1,14032.7933,Clean
Beef 292,Beef292,Healthy,ID,Boise Valley Feeders,10/6/21,,2157904716,4.398057212,25006.74768,1,2.826074803,0,670,2.230448921,0,170,6.504212944,1,3193103.122,Clean
Beef 293,Beef293,Healthy,ID,Boise Valley Feeders,10/6/21,,1.49E+12,3.285656997,1930.443065,1,3.588147662,1,3873.893363,4.839669445,1,69130.45978,4.560805626,1,36375.21976,Clean
Beef 296,Beef296,Healthy,ID,Boise Valley Feeders,10/6/21,,409805891.4,3.324784589,2112.441006,1,3.968066843,1,9291.093767,5.972723146,1,939124.4464,4.032541696,1,10778.08727,Clean
Beef 297,Beef297,Healthy,ID,Boise Valley Feeders,10/6/21,,2.25E+11,3.486178475,3063.222021,1,2.826074803,0,670,6.26659911,1,1847562.379,3.449382773,1,2814.380243,Clean
Beef 299,Beef299,Healthy,ID,Boise Valley Feeders,10/6/21,,9491543.77,3.111485945,1292.664866,1,2.826074803,0,670,4.111843086,1,12937.28324,3.6200387,1,4169.06532,Clean
Beef 3,Beef3,BRD,TX,Cactus,3/4/21,104,39652681.56,7.154880959,14285023.5,1,5.350851654,1,224311.559,2.230448921,0,170,5.005152413,1,101193.4524,Clean
Beef 30,Beef30,Healthy,TX,Cactus,3/8/21,102.1,34809890.43,7.724266488,52998855.1,1,2.826074803,0,670,2.230448921,0,170,2.278753601,0,190,Clean
Beef 300,Beef300,Healthy,ID,Boise Valley Feeders,10/6/21,,18978796.91,3.272834181,1874.278748,1,5.150715868,1,141486.7818,5.610448627,1,407801.32,6.569090821,1,3707582.479,Clean
Beef 301,Beef301,Healthy,ID,Boise Valley Feeders,10/6/21,,26054702.52,2.278753601,190,0,3.554630261,1,3586.164942,4.592493079,1,39128.48912,3.577896272,1,3783.522074,Clean
Beef 303,Beef303,BRD,ID,Boise Valley Feeders,10/8/21,,1808103.58,5.031668304,107564.3369,1,6.090496833,1,1231677.004,5.057859245,1,114250.7986,4.441127908,1,27613.9102,Clean
Beef 305,Beef305,BRD,ID,Boise Valley Feeders,10/8/21,,808664.24,3.202811674,1595.187265,1,2.826074803,0,670,3.174786413,1,1495.499983,3.390123964,1,2455.40968,Clean
Beef 306,Beef306,BRD,ID,Boise Valley Feeders,10/8/21,,713552.86,2.278753601,190,0,6.293372927,1,1965046.93,4.156640509,1,14343.01686,5.330938686,1,214258.8087,Clean
Beef 307,Beef307,BRD,ID,Boise Valley Feeders,10/8/21,,185280014.9,2.925367686,842.107792,1,2.826074803,0,670,2.230448921,0,170,3.664577244,1,4619.31144,Clean
Beef 308,Beef308,Healthy,ID,Boise Valley Feeders,10/8/21,,10250932.28,3.852011751,7112.327572,1,6.623057712,1,4198147.681,3.772436732,1,5921.568152,5.984149525,1,964160.9212,Clean
Beef 309,Beef309,Healthy,ID,Boise Valley Feeders,10/8/21,,27756166.91,3.16814595,1472.807373,1,3.880490648,1,7594.350688,5.159839259,1,144490.4885,2.278753601,0,190,Clean
Beef 31,Beef31,BRD,TX,Cactus,3/8/21,105.8,187156661.7,7.419396334,26266144.8,1,5.523394598,1,333729.5,4.375293597,1,23729.7737,5.003575047,1,100826.5824,Clean
Beef 312,Beef312,Healthy,ID,Boise Valley Feeders,10/8/21,,32578478.91,3.357078932,2275.510963,1,2.826074803,0,670,3.854653178,1,7155.717357,4.955895514,1,90343.20935,Clean
Beef 313,Beef313,BRD,CO,Five Rivers,10/19/21,104.2,119867240.6,3.776080684,5971.462146,1,2.826074803,0,670,3.638571493,1,4350.823773,5.630865528,1,427430.5194,Clean
Beef 315,Beef315,BRD,CO,Five Rivers,10/19/21,103.5,880415983.8,6.140325008,1381417.673,1,2.826074803,0,670,2.230448921,0,170,5.798481247,1,628754.7035,Clean
Beef 316,Beef316,BRD,CO,Five Rivers,10/19/21,102.8,714394008.8,3.821702189,6632.880738,1,3.414212881,1,2595.45128,2.230448921,0,170,3.649955911,1,4466.382475,Clean
Beef 317,Beef317,BRD,CO,Five Rivers,10/19/21,105.5,380528608.9,3.817028252,6561.87951,1,2.826074803,0,670,2.230448921,0,170,3.884346065,1,7662.06912,Clean
Beef 318,Beef318,BRD,CO,Five Rivers,10/19/21,105.1,473965450.1,6.770744778,5898543.385,1,6.733261497,1,5410800.197,4.068626749,1,11711.88365,3.258838987,1,1814.842691,Clean
Beef 319,Beef319,BRD,CO,Five Rivers,10/19/21,106.4,119068043,4.87564377,75100.66285,1,3.495484063,1,3129.565627,3.941612881,1,8742.041838,3.896888365,1,7886.573682,Clean
Beef 32,Beef32,BRD,TX,Cactus,3/8/21,104.5,272845652.5,6.46308135,2904566.673,1,4.490120186,1,30911.50753,2.230448921,0,170,4.46752024,1,29344.06254,Clean
Beef 320,Beef320,BRD,CO,Five Rivers,10/19/21,103.8,200547945.5,5.365735746,232132.3919,1,4.619084172,1,41599.12271,4.480763037,1,30252.62308,5.780547987,1,603320.368,Clean
Beef 321,Beef321,Healthy,CO,Five Rivers,10/19/21,103.5,118679208.2,3.350731272,2242.49391,1,2.826074803,0,670,2.230448921,0,170,3.39964715,1,2509.846432,Clean
Beef 322,Beef322,Healthy,CO,Five Rivers,10/19/21,102.4,1935973167,3.8490116,7063.364207,1,2.826074803,0,670,3.777179989,1,5986.596515,4.612103544,1,40935.82472,Clean
Beef 323,Beef323,Healthy,CO,Five Rivers,10/19/21,103.5,793768628.7,4.1673611,14701.48145,1,2.826074803,0,670,3.085672603,1,1218.070999,4.081227156,1,12056.66395,Clean
Beef 325,Beef325,Healthy,CO,Five Rivers,10/19/21,103.5,294940491.2,4.366467937,23252.40815,1,2.826074803,0,670,3.57934187,1,3796.136931,3.711164796,1,5142.387456,Clean
Beef 326,Beef326,Healthy,CO,Five Rivers,10/19/21,103.5,1111345050,3.843392032,6972.556345,1,2.826074803,0,670,3.070916324,1,1177.379104,3.307011151,1,2027.734785,Clean
Beef 327,Beef327,Healthy,CO,Five Rivers,10/19/21,102.2,500669614.6,3.870723676,7425.465349,1,2.826074803,0,670,3.052143756,1,1127.570632,4.336746183,1,21714.31746,Clean
Beef 328,Beef328,Healthy,CO,Five Rivers,10/19/21,103.5,902714222.8,3.841339301,6939.677699,1,2.826074803,0,670,2.230448921,0,170,4.304507335,1,20160.78022,Clean
Beef 329,Beef329,Healthy,CO,Five Rivers,10/19/21,103.5,168957475.1,3.498179592,3149.050259,1,2.826074803,0,670,2.230448921,0,170,5.338816323,1,218180.6961,Clean
Beef 33,Beef33,BRD,TX,Cactus,3/8/21,106,309018610.3,6.669152403,4668231.692,1,5.884346504,1,766207.6852,2.230448921,0,170,3.253962264,1,1794.577687,Clean
Beef 330,Beef330,Healthy,CO,Five Rivers,10/19/21,103.5,250606430.3,4.309557832,20396.60251,1,2.826074803,0,670,4.136554564,1,13694.76436,7.076497025,1,11926060.95,Clean
Beef 331,Beef331,Healthy,CO,Five Rivers,10/19/21,103.5,2427860563,4.300772764,19988.15753,1,3.319929609,1,2088.95752,2.230448921,0,170,4.341663104,1,21961.55587,Clean
Beef 332,Beef332,Healthy,CO,Five Rivers,10/19/21,103.5,235275890.7,6.825444222,6690278.893,1,2.826074803,0,670,4.453857107,1,28435.25364,4.337236522,1,21738.8478,Clean
Beef 333,Beef333,Healthy,CO,Five Rivers,10/19/21,103.5,212305045.2,4.272689276,18736.53488,1,2.826074803,0,670,2.230448921,0,170,3.670340838,1,4681.023678,Clean
Beef 334,Beef334,Healthy,CO,Five Rivers,10/19/21,103.1,750205322.3,4.245918539,17616.45583,1,4.260493182,1,18217.68474,2.230448921,0,170,2.278753601,0,190,Clean
Beef 335,Beef335,Healthy,IN,Ault,10/21/21,103.3,29222866.42,6.071377798,1178630.832,1,2.826074803,0,670,2.230448921,0,170,3.132174189,1,1355.733067,Clean
Beef 336,Beef336,Healthy,IN,Ault,10/21/21,103.3,19221360.3,6.851070014,7096921.708,1,4.594730296,1,39330.57503,4.649350739,1,44601.63083,6.331837269,1,2147025.829,Clean
Beef 337,Beef337,Healthy,IN,Ault,10/21/21,102.9,55510661.59,6.157596386,1437462.043,1,2.826074803,0,670,4.87159157,1,74403.19236,4.819092202,1,65931.38541,Clean
Beef 338,Beef338,Healthy,IN,Ault,10/21/21,103.1,15972845.71,7.344196721,22090051.12,1,2.826074803,0,670,5.828909975,1,674388.2197,5.255168459,1,179956.8817,Clean
Beef 339,Beef339,BRD,IN,Ault,10/21/21,105.6,57723880.59,6.137473448,1372377.055,1,5.249298267,1,177540.8385,2.978465143,1,951.623467,5.52417427,1,334329.1695,Clean
Beef 34,Beef34,Healthy,TX,Cactus,3/8/21,101.8,37134877.22,5.899017083,792532.5041,1,2.826074803,0,670,2.230448921,0,170,4.181803948,1,15198.61269,Clean
Beef 340,Beef340,BRD,IN,Ault,10/21/21,104.6,43146323.09,6.753908784,5674254.146,1,3.316999115,1,2074.909291,5.828019299,1,673006.5627,5.809321008,1,644645.5784,Clean
Beef 341,Beef341,BRD,IN,Ault,10/21/21,103.1,673175858.5,7.200134339,15853835.19,1,4.545819303,1,35141.4197,4.211295002,1,16266.53313,6.862269768,1,7282320.154,Clean
Beef 342 ,Beef342,BRD,IN,Ault,10/21/21,105.2,38568526358,7.666365454,46383706.98,1,5.750529897,1,563027.875,3.474973485,1,2985.200361,7.505214641,1,32004764.86,Clean
Beef 344,Beef344,Healthy,ID,Boise Valley Feeders,10/29/21,,16243966.82,5.746083989,557293.5144,1,2.826074803,0,670,2.230448921,0,170,3.542712103,1,3489.089448,Clean
Beef 345,Beef345,Healthy,ID,Boise Valley Feeders,10/29/21,,90670622.53,6.064833679,1161003.902,1,6.249393624,1,1775798.25,2.230448921,0,170,6.770211109,1,5891299.598,Clean
Beef 347,Beef347,Healthy,ID,Boise Valley Feeders,10/29/21,,65828493.93,5.431537172,270107.8289,1,5.838236693,1,689027.7182,2.230448921,0,170,3.476985807,1,2999.064508,Clean
Beef 348,Beef348,Healthy,ID,Boise Valley Feeders,10/29/21,,178697060,4.1060459,12765.73722,1,2.826074803,0,670,2.230448921,0,170,3.079189495,1,1200.022794,Clean
Beef 349,Beef349,Healthy,ID,Boise Valley Feeders,10/29/21,,200777902.1,7.127760403,13420243.73,1,6.571538659,1,3728538.735,2.230448921,0,170,5.2496244,1,177674.2129,Clean
Beef 35,Beef35,Healthy,TX,Cactus,3/11/21,102.4,607456289.4,6.06585616,1163740.53,1,5.212023998,1,162938.6065,2.230448921,0,170,5.392346563,1,246800.8002,Clean
Beef 350,Beef350,Healthy,ID,Boise Valley Feeders,10/29/21,,73123616.82,6.563291288,3658400.843,1,5.974407781,1,942774.3985,5.155827305,1,143161.851,4.621347959,1,41816.52687,Clean
Beef 351,Beef351,Healthy,ID,Boise Valley Feeders,10/29/21,,6565101.66,7.092447462,12372215.09,1,6.332609722,1,2150848.01,4.53645019,1,34391.42651,5.325842854,1,211759.4763,Clean
Beef 352,Beef352,Healthy,ID,Boise Valley Feeders,10/29/21,,8133734.98,6.296355035,1978586.471,1,5.582446532,1,382337.1795,2.230448921,0,170,4.699977192,1,50116.09131,Clean
Beef 353,Beef353,BRD,ID,Boise Valley Feeders,10/29/21,104,422833.96,6.390435999,2457174.494,1,5.187311205,1,153925.7241,2.230448921,0,170,4.431529718,1,27010.31927,Clean
Beef 354,Beef354,BRD,ID,Boise Valley Feeders,10/29/21,105.5,1151721.89,4.817997435,65765.39532,1,3.920520263,1,8327.607791,2.230448921,0,170,4.838968411,1,69018.95999,Clean
Beef 355,Beef355,BRD,ID,Boise Valley Feeders,10/29/21,104.5,233065.18,5.151170653,141635.0215,1,3.482952303,1,3040.551073,3.290205654,1,1950.76814,4.370573934,1,23473.28838,Clean
Beef 356,Beef356,BRD,ID,Boise Valley Feeders,10/29/21,104,1158223.94,5.494476261,312231.1733,1,2.826074803,0,670,2.230448921,0,170,3.29967681,1,1993.778048,Clean
Beef 357,Beef357,BRD,ID,Boise Valley Feeders,10/29/21,104.7,690898.55,4.119634659,13171.4825,1,3.390491779,1,2457.490113,2.230448921,0,170,4.410546379,1,25736.31593,Clean
Beef 358,Beef358,BRD,ID,Boise Valley Feeders,10/29/21,105.1,628398.47,6.101301765,1262704.608,1,4.083901705,1,12131.14252,2.230448921,0,170,2.278753601,0,190,Clean
Beef 359,Beef359,BRD,ID,Boise Valley Feeders,10/29/21,104.9,782182.73,3.691480429,4914.512331,1,2.826074803,0,670,2.230448921,0,170,2.278753601,0,190,Clean
Beef 36,Beef36,BRD,TX,Cactus,3/8/21,105.3,81164802.61,5.613079974,410279.6474,1,4.030005668,1,10715.33291,4.394266623,1,24789.43467,4.894675699,1,78464.94939,Clean
Beef 360,Beef360,BRD,ID,Boise Valley Feeders,10/29/21,104.5,95435.93,5.803717008,636380.7111,1,4.479012604,1,30130.93468,2.230448921,0,170,3.42646476,1,2669.714128,Clean
Beef 361,Beef361,BRD,ID,Boise Valley Feeders,10/29/21,104.7,1334523.45,6.554449994,3584676.705,1,4.54293274,1,34908.62473,4.181410848,1,15184.86196,3.359386262,1,2287.632524,Clean
Beef 362,Beef362,BRD,ID,Boise Valley Feeders,10/29/21,105.2,1621922.58,5.757426583,572040.2443,1,4.113623962,1,12990.443,3.399300554,1,2507.844207,2.278753601,0,190,Clean
Beef 364,Beef364,BRD,IN,Ault,11/10/21,102,4.47E+11,7.393592263,24750972.26,1,5.347997756,1,222842.3634,2.230448921,0,170,4.911629294,1,81588.56494,Clean
Beef 365,Beef365,BRD,IN,Ault,11/10/21,104.9,13760432.35,5.469487806,294773.0713,1,2.826074803,0,670,2.230448921,0,170,5.449680866,1,281631.2649,Clean
Beef 366,Beef366,Healthy,IN,Ault,11/10/21,102.9,10485683.16,5.863495795,730290.7413,1,4.010202769,1,10237.70872,5.290278813,1,195109.6785,5.016458919,1,103862.5352,Clean
Beef 367,Beef367,Healthy,IN,Ault,11/10/21,103.3,4185501.27,6.25950946,1817646.647,1,4.177724675,1,15056.5224,5.106872895,1,127900.6923,4.358131086,1,22810.30464,Clean
Beef 368,Beef368,Healthy,IN,Ault,11/10/21,103.3,4863032.5,3.496306216,3135.495747,1,2.826074803,0,670,2.230448921,0,170,4.257161181,1,18078.4495,Clean
Beef 369,Beef369,Healthy,IN,Ault,11/10/21,102.9,633220.19,2.984498366,964.9356815,1,2.826074803,0,670,2.230448921,0,170,2.278753601,0,190,Clean
Beef 37,Beef37,BRD,TX,Cactus,3/10/21,105.2,39044.04,5.968715245,930497.5743,1,3.831680445,1,6787.040572,2.230448921,0,170,5.20565036,1,160564.8066,Clean
Beef 370,Beef370,BRD,ID,Ault,11/17/21,,806478.34,3.590884224,3898.380486,1,2.826074803,0,670,3.456219632,1,2859.036052,3.448777134,1,2810.458225,Clean
Beef 371,Beef371,BRD,ID,Ault,11/17/21,,821663.2,3.280758094,1908.789748,1,3.500555927,1,3166.328184,2.230448921,0,170,3.966993661,1,9268.162964,Clean
Beef 372,Beef372,BRD,ID,Ault,11/17/21,,338434.48,3.548333744,3534.546858,1,2.826074803,0,670,2.230448921,0,170,3.296168031,1,1977.734688,Clean
Beef 373,Beef373,Healthy,ID,Ault,11/17/21,,1125436.56,3.042366036,1102.46811,1,2.826074803,0,670,2.230448921,0,170,3.533056332,1,3412.371704,Clean
Beef 374,Beef374,Healthy,ID,Ault,11/17/21,,1592085.54,3.428659703,2683.241136,1,2.826074803,0,670,2.230448921,0,170,3.599483532,1,3976.34018,Clean
Beef 375,Beef375,Healthy,ID,Ault,11/17/21,,210131.54,3.011527136,1026.897594,1,2.826074803,0,670,2.230448921,0,170,2.278753601,0,190,Clean
Beef 377,Beef377,BRD,ID,Ault,11/19/21,,2821377.3,5.86044631,725180.8208,1,2.826074803,0,670,3.709193312,1,5119.096446,4.886291827,1,76964.74354,Clean
Beef 378,Beef378,BRD,ID,Ault,11/19/21,,2024267.17,5.986224371,968778.2301,1,2.826074803,0,670,3.67124726,1,4690.803709,4.915640567,1,82345.63191,Clean
Beef 379,Beef379,BRD,ID,Ault,11/19/21,,614643.67,4.37918858,23943.55211,1,2.826074803,0,670,2.230448921,0,170,4.09285601,1,12383.85933,Clean
Beef 38,Beef38,BRD,TX,Cactus,3/8/21,106.1,396976219,6.990634675,9786663.926,1,6.284963454,1,1927362.719,5.12262001,1,132623.355,5.7337944,1,541744.3613,Clean
Beef 380,Beef380,Healthy,ID,Ault,11/19/21,,776146.56,3.313817915,2059.76614,1,2.826074803,0,670,2.230448921,0,170,2.278753601,0,190,Clean
Beef 381,Beef381,Healthy,ID,Ault,11/19/21,,483372.59,3.264306643,1837.835528,1,2.826074803,0,670,2.230448921,0,170,2.278753601,0,190,Clean
Beef 382,Beef382,Healthy,ID,Ault,11/19/21,,771633.13,3.359384482,2287.623146,1,2.826074803,0,670,2.230448921,0,170,2.278753601,0,190,Clean
Beef 384,Beef384,Healthy,ID,Ault,11/23/21,,551444.62,3.710347192,5132.715499,1,2.826074803,0,670,2.230448921,0,170,4.51436748,1,32686.42929,Clean
Beef 385,Beef385,Healthy,ID,Ault,11/23/21,,258187.08,3.333494077,2155.232251,1,2.826074803,0,670,2.230448921,0,170,2.278753601,0,190,Clean
Beef 386,Beef386,Healthy,ID,Ault,11/23/21,,4530405.48,3.00478795,1011.085657,1,2.826074803,0,670,2.230448921,0,170,4.717070258,1,52127.9034,Clean
Beef 387,Beef387,Healthy,ID,Ault,11/23/21,,14855406.68,4.166942974,14687.3341,1,2.826074803,0,670,2.230448921,0,170,2.278753601,0,190,Clean
Beef 388,Beef388,Healthy,ID,Ault,11/23/21,,459920.46,4.254155615,17953.76825,1,2.826074803,0,670,2.230448921,0,170,2.278753601,0,190,Clean
Beef 389,Beef389,Healthy,ID,Ault,11/23/21,,2616841.28,4.041339941,10998.66415,1,2.826074803,0,670,2.230448921,0,170,3.43038749,1,2693.937342,Clean
Beef 390,Beef390,Healthy,ID,Ault,11/23/21,,1298615.08,3.959854209,9117.047327,1,2.826074803,0,670,2.230448921,0,170,2.278753601,0,190,Clean
Beef 391,Beef391,Healthy,ID,Ault,11/23/21,,1048784.75,4.542808926,34898.67402,1,2.826074803,0,670,2.230448921,0,170,2.278753601,0,190,Clean
Beef 393,Beef393,Healthy,ID,Boise Valley Feeders,11/23/21,,4621385.35,3.246100984,1762.385796,1,2.826074803,0,670,3.563244186,1,3658.004082,2.278753601,0,190,Clean
Beef 394,Beef394,Healthy,ID,Boise Valley Feeders,11/23/21,,2440801.21,3.62643714,4230.942662,1,2.826074803,0,670,2.230448921,0,170,2.278753601,0,190,Clean
Beef 395,Beef395,Healthy,ID,Boise Valley Feeders,11/23/21,,6100627.09,4.64643799,44303.49515,1,2.826074803,0,670,2.230448921,0,170,2.278753601,0,190,Clean
Beef 396,Beef396,Healthy,ID,Boise Valley Feeders,11/23/21,104.3,4538822.35,6.077138604,1194369.224,1,2.826074803,0,670,2.230448921,0,170,2.278753601,0,190,Clean
Beef 397,Beef397,BRD,ID,Boise Valley Feeders,11/23/21,104.3,623310.23,5.192639151,155825.7233,1,2.826074803,0,670,2.230448921,0,170,2.278753601,0,190,Clean
Beef 398,Beef398,BRD,ID,Boise Valley Feeders,11/23/21,105,1535176.25,3.425519471,2663.909529,1,2.826074803,0,670,2.230448921,0,170,2.278753601,0,190,Clean
Beef 399,Beef399,BRD,ID,Boise Valley Feeders,11/23/21,105.3,5617016.14,6.059452983,1146708.372,1,2.826074803,0,670,4.193584451,1,15616.52679,2.278753601,0,190,Clean
Beef 40,Beef40,Healthy,TX,Cactus,3/15/21,103.2,230,5.145248711,139716.8261,1,4.383024565,1,24155.97466,3.790291961,1,6170.096566,4.220031878,1,16597.08729,Clean
Beef 400,Beef400,BRD,ID,Boise Valley Feeders,11/23/21,105.1,2157207.49,6.343938727,2207693.235,1,2.826074803,0,670,2.230448921,0,170,3.423705913,1,2652.808574,Clean
Beef 401,Beef401,BRD,ID,Boise Valley Feeders,11/23/21,104.2,329841.48,4.820366862,66125.17917,1,2.826074803,0,670,2.230448921,0,170,2.278753601,0,190,Clean
Beef 402,Beef402,Healthy,ID,Boise Valley Feeders,11/23/21,104.8,95999.59,3.778239433,6001.218414,1,2.826074803,0,670,2.230448921,0,170,2.278753601,0,190,Clean
Beef 403,Beef403,BRD,ID,Boise Valley Feeders,11/23/21,104.8,14067187.67,4.50098734,31694.75068,1,3.325302581,1,2114.962059,3.292686275,1,1961.942501,2.278753601,0,190,Clean
Beef 404,Beef404,BRD,ID,Boise Valley Feeders,11/23/21,105.9,1109152.82,5.161911757,145181.6598,1,5.153110323,1,142269.0143,4.344235343,1,22092.01571,3.243236706,1,1750.800679,Clean
Beef 405,Beef405,BRD,ID,Boise Valley Feeders,11/23/21,104.1,2632582.85,3.04916179,1119.854992,1,2.826074803,0,670,2.230448921,0,170,3.53079922,1,3394.682956,Clean
Beef 406,Beef406,BRD,ID,Boise Valley Feeders,11/23/21,104.8,2877184.03,4.703814676,50560.88606,1,2.826074803,0,670,2.230448921,0,170,4.261350589,1,18253.68656,Clean
Beef 407,Beef407,BRD,ID,Boise Valley Feeders,11/23/21,105.3,1965227.41,3.868843806,7393.393232,1,2.826074803,0,670,4.202594955,1,15943.91443,3.257968569,1,1811.209007,Clean
Beef 408,Beef408,BRD,IN,Ault,12/8/21,103.4,1940958.15,5.858135338,721332.2317,1,4.035829371,1,10859.98865,3.839182669,1,6905.30187,2.278753601,0,190,Clean
Beef 409,Beef409,BRD,IN,Ault,12/8/21,102.7,4652781.19,6.090795154,1232523.346,1,2.826074803,0,670,5.07239419,1,118139.2446,4.183527248,1,15259.0413,Clean
Beef 410,Beef410,BRD,IN,Ault,12/8/21,103.5,2119598.23,5.401218534,251894.4124,1,2.826074803,0,670,3.921333064,1,8343.207865,3.5011451,1,3170.62661,Clean
Beef 411,Beef411,BRD,IN,Ault,12/8/21,102.4,24996569.99,5.861590275,727093.522,1,3.632574871,1,4291.16161,3.914763164,1,8217.943753,4.199467546,1,15829.51272,Clean
Beef 412,Beef412,BRD,IN,Ault,12/8/21,103.5,2349560.88,4.73328976,54111.52332,1,4.291698817,1,19574.86685,4.551627865,1,35614.58309,5.005756906,1,101334.4014,Clean
Beef 413,Beef413,Healthy,IN,Ault,12/8/21,102.1,327530.86,4.394888154,24824.93692,1,2.826074803,0,670,2.230448921,0,170,3.593548898,1,3922.373067,Clean
Beef 414,Beef414,Healthy,IN,Ault,12/8/21,103.3,415989.97,3.140587746,1382.253653,1,2.826074803,0,670,3.294105359,1,1968.363753,3.440889108,1,2759.873065,Clean
Beef 415,Beef415,Healthy,IN,Ault,12/8/21,102.7,1582729.78,3.268738468,1856.686021,1,2.826074803,0,670,2.230448921,0,170,2.278753601,0,190,Clean
Beef 416,Beef416,Healthy,IN,Ault,12/8/21,103.1,2775293.17,4.264771663,18398.0444,1,2.826074803,0,670,3.892018822,1,7798.639092,2.278753601,0,190,Clean
Beef 417,Beef417,Healthy,IN,Ault,12/8/21,103.1,491085.96,3.041346642,1099.883387,1,2.826074803,0,670,2.230448921,0,170,2.278753601,0,190,Clean
Beef 418,Beef418,Healthy,IN,Ault,12/8/21,103.1,3519149.14,3.945070959,8811.928386,1,2.826074803,0,670,3.896608361,1,7881.490589,4.092608987,1,12376.8175,Clean
Beef 419,Beef419,Healthy,IN,Ault,12/8/21,103.1,657757.6,5.008707764,102025.2726,1,2.826074803,0,670,3.35596274,1,2269.67012,4.294152581,1,19685.77788,Clean
Beef 42,Beef42,Healthy,TX,Cactus,3/16/21,102.8,10560233.48,6.345915063,2217762.64,1,3.568403712,1,3701.721248,3.96631948,1,9253.786603,5.007284456,1,101691.4537,Clean
Beef 420,Beef420,Healthy,IN,Ault,12/8/21,102.5,1595608.59,2.278753601,190,0,2.826074803,0,670,2.230448921,0,170,2.278753601,0,190,Clean
Beef 421,Beef421,Healthy,IN,Ault,2/10/22,103.4,33973182.55,5.873284537,746937.9693,1,2.826074803,0,670,4.644188604,1,44074.6228,4.964147649,1,92076.25547,Clean
Beef 422,Beef422,BRD,IN,Ault,2/10/22,103.8,45058467.95,5.160603795,144745.0748,1,2.826074803,0,670,4.68904394,1,48870.18015,4.955106029,1,90179.1275,Clean
Beef 423,Beef423,Healthy,IN,Ault,2/10/22,103.8,22335800.62,6.312701054,2054475.911,1,5.033482734,1,108014.6677,3.795304733,1,6241.726474,4.721223854,1,52628.84687,Clean
Beef 424,Beef424,Healthy,IN,Ault,2/10/22,102.9,11068235.74,4.837592076,68800.57626,1,2.826074803,0,670,3.033214057,1,1079.478648,6.204808027,1,1602536.86,Clean
Beef 425,Beef425,BRD,IN,Ault,2/10/22,104.2,69327325.58,4.800732635,63202.26395,1,3.437048363,1,2735.573345,3.919425057,1,8306.633641,5.602996085,1,400863.1036,Clean
Beef 426,Beef426,Healthy,IN,Ault,2/10/22,103.3,18034807.99,4.851858556,71098.19177,1,2.826074803,0,670,4.150703847,1,14148.28656,5.352919192,1,225381.981,Clean
Beef 427,Beef427,Healthy,IN,Ault,2/10/22,102.5,3170511.99,5.271512199,186858.2165,1,4.453903105,1,28438.26554,3.938507407,1,8679.753805,5.426980964,1,267288.9249,Clean
Beef 428,Beef428,Healthy,IN,Ault,2/10/22,103.2,1963823.19,3.610834403,4081.637233,1,2.826074803,0,670,4.054153944,1,11328.01834,3.858226133,1,7214.830509,Clean
Beef 429,Beef429,BRD,IN,Ault,2/10/22,104.8,61355050.2,4.965087472,92275.72629,1,3.566816424,1,3688.216648,4.229687148,1,16970.20731,4.842963963,1,69656.87112,Clean
Beef 430,Beef430,BRD,IN,Ault,2/10/22,101.4,1053912944,6.488633046,3080583.93,1,4.203990555,1,15995.23241,5.798411734,1,628654.0729,5.552201817,1,356616.815,Clean
Beef 431,Beef431,Healthy,IN,Ault,2/10/22,103,28080091.36,5.545934015,351507.0296,1,3.254310712,1,1796.018113,2.230448921,0,170,6.329266817,1,2134355.794,Clean
Beef 432,Beef432,BRD,IN,Ault,2/10/22,104.6,222774326,7.07850446,11981314.27,1,5.163437222,1,145692.5089,4.654564168,1,45140.27162,5.745510245,1,556557.7634,Clean
Beef 433,Beef433,Healthy,IN,Ault,2/10/22,103.8,28610132.56,4.637051422,43356.2211,1,3.281656519,1,1912.742551,2.230448921,0,170,4.876796434,1,75300.25271,Clean
Beef 435,Beef435,BRD,IN,Ault,7/14/20,104.3,202410627.7,7.403519159,25323233.45,1,6.785750218,1,6105907.46,2.230448921,0,170,5.400098465,1,251245.6,Clean
Beef 436,Beef436,Healthy,IN,Ault,7/14/20,103.7,163881590.3,6.198650752,1579976.954,1,4.45560231,1,28549.75,4.111593823,1,12929.86,6.201717155,1,1591172.1,Clean
Beef 437,Beef437,Healthy,IN,Ault,7/14/20,102.7,88366077.78,4.647386935,44400.4053,1,2.826074803,0,670,3.684367734,1,4834.68,5.860583077,1,725409.23,Clean
Beef 438,Beef438,BRD,IN,Ault,7/14/20,105.6,70169743.03,4.965058592,92269.59026,1,2.826074803,0,670,5.20663469,1,160929.14,4.966153236,1,92502.45,Clean
Beef 439,Beef439,Healthy,IN,Ault,7/14/20,104,11018365.34,5.21524073,164149.9407,1,2.826074803,0,670,2.230448921,0,170,4.902990576,1,79981.69,Clean
Beef 440,Beef440,Healthy,IN,Ault,7/14/20,102.9,48767980.76,3.353975699,2259.309348,1,2.826074803,0,670,2.230448921,0,170,4.668879855,1,46653.03,Clean
Beef 441,Beef441,BRD,IN,Ault,7/14/20,103.8,75385854.09,6.242137413,1746374.626,1,5.476204854,1,299367.64,3.872094476,1,7448.94,5.898820809,1,792174.41,Clean
Beef 442,Beef442,Healthy,IN,Ault,7/14/20,103,102316074.7,6.470240836,2952846.262,1,3.119212986,1,1315.87,2.740970277,1,550.77,5.87506358,1,750004,Clean
Beef 443,Beef443,BRD,IN,Ault,7/14/20,105.2,78216426.98,6.532794152,3410312.302,1,2.826074803,0,670,5.363626889,1,231007.93,4.719413828,1,52409.96,Clean
Beef 444,Beef444,Healthy,IN,Ault,7/14/20,102.5,87331449.75,5.715174648,519008.7123,1,5.00536033,1,101241.91,3.309493897,1,2039.36,6.133551372,1,1360039.03,Clean
Beef 445,Beef445,BRD,IN,Ault,7/14/20,104.6,296862708.7,4.923135371,83779.03843,1,3.20236842,1,1593.56,5.140957158,1,138342.99,5.002388856,1,100551.57,Clean
Beef 446,Beef446,Healthy,IN,Ault,7/14/20,102.5,25236953.66,4.942870242,87673.88306,1,2.826074803,0,670,2.230448921,0,170,5.023507034,1,105561.86,Clean
Beef 447,Beef447,Healthy,IN,Ault,7/14/20,102.6,228053833.4,5.740772468,550519.1974,1,3.157299584,1,1436.48,4.856358344,1,71838.68,5.798907749,1,629372.48,Clean
Beef 448,Beef448,Healthy,IN,Ault,7/21/20,104.4,668341682.7,4.754275269,56790.4447,1,2.826074803,0,670,2.230448921,0,170,5.05647972,1,113888.46,Clean
Beef 449,Beef449,Healthy,IN,Ault,7/21/20,104.7,41998340.46,3.716892465,5210.656754,1,2.826074803,0,670,5.004111615,1,100951.23,3.851332968,1,7101.22,Clean
Beef 45,Beef45,BRD,TX,Cactus,3/15/21,105,766422245.6,7.460277287,28858734.8,1,3.750367104,1,5628.168665,4.853835475,1,71422.57026,4.419156959,1,26251.67137,Clean
Beef 450,Beef450,Healthy,IN,Ault,7/21/20,103.3,119818020.6,5.615193757,412281.4139,1,2.826074803,0,670,3.471522002,1,2961.57,5.911939227,1,816468.11,Clean
Beef 451,Beef451,BRD,IN,Ault,7/21/20,,155020255.1,3.474966305,2985.151002,1,2.826074803,0,670,5.575528321,1,376294.89,5.992839643,1,983647.84,Clean
Beef 452,Beef452,BRD,IN,Ault,7/21/20,102.7,359188848.9,4.349556476,22364.36006,1,3.824685433,1,6678.6,4.798451957,1,62871.23,6.299716326,1,1993959.47,Clean
Beef 453,Beef453,BRD,IN,Ault,7/21/20,102.9,189548545.8,6.530964409,3395974.412,1,3.80388096,1,6366.21,4.041509929,1,11002.97,5.911612687,1,815854.45,Clean
Beef 454,Beef454,BRD,IN,Ault,7/21/20,103.3,447870848.6,4.952128639,89563.00132,1,3.562628272,1,3652.82,3.155927854,1,1431.95,4.942130879,1,87524.75,Clean
Beef 455,Beef455,Healthy,IN,Ault,7/21/20,103.3,1390636864,4.947793094,88673.34557,1,5.974277359,1,942491.32,3.133819832,1,1360.88,6.472869234,1,2970771.4,Clean
Beef 456,Beef456,Healthy,IN,Ault,7/21/20,102.3,303921189.9,4.758298493,57318.98523,1,2.826074803,0,670,2.230448921,0,170,3.453827267,1,2843.33,Clean
Beef 457,Beef457,BRD,IN,Ault,7/21/20,104.7,4967512471,2.278753601,190,0,2.826074803,0,670,2.230448921,0,170,5.085535028,1,121768.52,Clean
Beef 458,Beef458,BRD,IN,Ault,7/21/20,104,9405954.64,6.295827917,1976186.449,1,4.870993139,1,74300.74,4.699273383,1,50034.94,5.17034484,1,148028.33,Clean
Beef 459,Beef459,Healthy,IN,Ault,8/12/20,103.2,45153064.43,5.250894747,178194.6854,1,3.043876838,1,1106.31,2.230448921,0,170,5.492207995,1,310604.68,Clean
Beef 460,Beef460,Healthy,IN,Ault,8/12/20,102.7,22145527.93,4.833714314,68188.99885,1,2.826074803,0,670,3.201732958,1,1591.23,4.887776981,1,77228.39,Clean
Beef 461,Beef461,BRD,IN,Ault,8/12/20,102.4,237008221.2,3.475738828,2990.465714,1,2.826074803,0,670,4.070042672,1,11750.13,5.249111123,1,177464.35,Clean
Beef 462,Beef462,BRD,IN,Ault,8/12/20,104.8,382729160.2,5.821159291,662459.4369,1,3.844730596,1,6994.08,5.435156289,1,272368.13,5.465623357,1,292161.75,Clean
Beef 463,Beef463,Healthy,IN,Ault,8/12/20,103.4,261069571.4,3.943341623,8776.909557,1,3.884128972,1,7658.24,2.702215059,1,503.75,5.42137127,1,263858.61,Clean
Beef 464,Beef464,Healthy,IN,Ault,8/12/20,103.1,367019824.6,3.516701128,3286.253999,1,2.826074803,0,670,3.895976388,1,7870.03,5.835667043,1,684962.89,Clean
Beef 465,Beef465,BRD,IN,Ault,8/12/20,106.3,455582882.2,3.824503169,6675.797726,1,2.826074803,0,670,5.373422974,1,236277.83,3.298612948,1,1988.9,Clean
Beef 466,Beef466,Healthy,IN,Ault,8/12/20,102.7,96727958.04,5.115102827,130347.5362,1,3.107738944,1,1281.56,5.499261169,1,315690.25,5.967100792,1,927044.95,Clean
Beef 467,Beef467,Healthy,IN,Ault,8/12/20,103.2,65978606.24,3.68868189,4882.945648,1,2.826074803,0,670,4.300830826,1,19990.83,5.699240321,1,500311.31,Clean
Beef 468,Beef468,BRD,IN,Ault,8/12/20,103.5,24431129.62,4.064638983,11604.83535,1,2.826074803,0,670,2.230448921,0,170,4.82041632,1,66132.71,Clean
Beef 469,Beef469,BRD,IN,Ault,8/12/20,103.3,106366196.9,6.639177147,4356895.539,1,4.905736316,1,80488.96,3.965516368,1,9236.69,5.175210167,1,149695.99,Clean
Beef 47,Beef47,BRD,TX,Cactus,3/15/21,104.4,99482.13,7.29877509,19896426.85,1,5.274496443,1,188146.6296,2.993951897,1,986.17025,5.307178541,1,202851.6484,Clean
Beef 470,Beef470,Healthy,IN,Ault,8/19/20,,75353998.72,3.313599329,2058.729695,1,2.826074803,0,670,2.230448921,0,170,3.143929292,1,1392.93,Clean
Beef 471,Beef471,Healthy,IN,Ault,8/19/20,,6332889.16,4.522749504,33323.41517,1,2.826074803,0,670,4.280271661,1,19066.53,5.390374258,1,245682.52,Clean
Beef 472,Beef472,BRD,IN,Ault,8/19/20,104.4,356912279.6,5.720128571,524962.8508,1,3.559111486,1,3623.36,5.012046258,1,102812.58,5.676172043,1,474429.89,Clean
Beef 473,Beef473,Healthy,IN,Ault,8/19/20,103.3,344104019.4,4.841380528,69403.36503,1,2.826074803,0,670,4.509851596,1,32348.31,6.461880039,1,2896543.39,Clean
Beef 474,Beef474,BRD,IN,Ault,8/19/20,103.2,413587557.1,3.788644467,6146.734668,1,2.826074803,0,670,2.230448921,0,170,4.837232967,1,68743.71,Clean
Beef 475,Beef475,BRD,IN,Ault,8/19/20,103.8,50917761.81,3.338949425,2182.475742,1,3.232836078,1,1709.37,4.026891828,1,10638.78,5.424622044,1,265841.05,Clean
Beef 476,Beef476,Healthy,IN,Ault,8/26/20,105,92275946.27,3.890066913,7763.667247,1,2.826074803,0,670,3.3166412,1,2073.2,3.522904368,1,3333.53,Clean
Beef 477,Beef477,Healthy,IN,Ault,8/26/20,105.1,56382533.03,3.475704618,2990.230163,1,2.826074803,0,670,2.230448921,0,170,2.278753601,0,190,Clean
Beef 478,Beef478,Healthy,IN,Ault,8/26/20,103.4,258866838.4,5.957269946,906295.7546,1,5.395480492,1,248588.19,4.472234397,1,29664.32,6.04866948,1,1118586.26,Clean
Beef 479,Beef479,BRD,IN,Ault,8/26/20,104.2,91600579.32,6.915696226,8235618.6,1,6.021900711,1,1051721.4,4.07591322,1,11910.04,4.871823225,1,74442.89,Clean
Beef 48,Beef48,BRD,TX,Cactus,3/16/21,104.2,38648.96,7.663503074,46079003.06,1,5.714778438,1,518535.4327,4.682024184,1,48086.61249,5.392875979,1,247101.84,Clean
Beef 480,Beef480,Healthy,IN,Ault,8/26/20,102.7,37935904.73,7.089242287,12281241.93,1,5.600334885,1,398414.27,3.080262017,1,1202.99,6.120848496,1,1320834.78,Clean
Beef 481,Beef481,BRD,IN,Ault,8/26/20,102.7,218284274.4,5.553336882,357550.0817,1,6.340717067,1,2191376.84,3.794163773,1,6225.35,6.686256102,1,4855747.57,Clean
Beef 482,Beef482,Healthy,IN,Ault,8/26/20,103.5,453906252.9,5.03889796,109369.9366,1,3.556377289,1,3600.62,5.767229059,1,585098.6,5.907994799,1,809086.21,Clean
Beef 483,Beef483,BRD,IN,Ault,8/26/20,105.2,588721469.9,7.11379809,12995652.51,1,6.030474685,1,1072691.12,4.507632058,1,32183.41,6.505120748,1,3199784.63,Clean
Beef 484,Beef484,BRD,IN,Ault,8/26/20,102.9,123891960.5,6.833540531,6816171.841,1,5.328923639,1,213266.99,4.00001824,1,10000.42,5.180196263,1,151424.54,Clean
Beef 485,Beef485,Healthy,IN,Ault,8/26/20,103.3,32998602.79,6.657291481,4542463.866,1,6.203191027,1,1596581.26,2.230448921,0,170,5.411073869,1,257675.94,Clean
Beef 486,Beef486,Healthy,IN,Ault,8/26/20,104.1,306620962.9,7.256851002,18065542.25,1,6.709819904,1,5126487.52,3.39825606,1,2501.82,5.814619351,1,652558.35,Clean
Beef 487,Beef487,BRD,IN,Ault,8/26/20,103.4,36200481.6,4.338807628,21817.63281,1,5.105248235,1,127423.12,5.481351216,1,302936.23,6.258718833,1,1814340.66,Clean
Beef 488,Beef488,Healthy,IN,Ault,8/26/20,103.4,92030483.48,7.375901646,23763020.69,1,2.826074803,0,670,4.050831991,1,11241.7,6.962457663,1,9171865.19,Clean
Beef 489,Beef489,Healthy,IN,Ault,9/10/20,102.9,241560169.6,3.698636724,4996.164436,1,2.826074803,0,670,3.822936571,1,6651.76,3.745223176,1,5561.9,Clean
Beef 49,Beef49,BRD,TX,Cactus,3/18/21,105,783724921.3,7.094974068,12444403.04,1,5.426215239,1,266818.0701,4.336293488,1,21691.69491,5.208406058,1,161586.8659,Clean
Beef 490,Beef490,Healthy,IN,Ault,9/10/20,104,110713882.1,4.559542729,36269.59687,1,3.758350882,1,5732.59,3.821707378,1,6632.96,5.332275438,1,214919.31,Clean
Beef 491,Beef491,BRD,IN,Ault,9/10/20,103.6,371914405,6.403400429,2531631.142,1,5.080366157,1,120327.85,3.365060968,1,2317.72,5.49051527,1,309396.41,Clean
Beef 492,Beef492,BRD,IN,Ault,9/10/20,103,475833620.5,6.62004881,4169162.38,1,2.826074803,0,670,3.217262793,1,1649.16,5.984134475,1,964127.51,Clean
Beef 493,Beef493,Healthy,IN,Ault,9/10/20,103.1,77687626.79,7.068175781,11699728.43,1,4.48285744,1,30398.87,5.120656472,1,132025.09,6.115855977,1,1305737.8,Clean
Beef 494,Beef494,BRD,IN,Ault,9/10/20,104.6,1.54E+11,7.41152133,25794156.47,1,6.810883537,1,6469690.98,6.146245915,1,1400380.05,4.73786774,1,54684.94,Clean
Beef 495,Beef495,Healthy,IN,Ault,9/10/20,103.4,411855875.3,5.86891223,739455.8176,1,4.782616648,1,60620.1,6.817938435,1,6575646.15,6.20196316,1,1592073.67,Clean
Beef 496,Beef496,Healthy,IN,Ault,9/10/20,102.8,46275074.56,5.824901126,668191.7755,1,4.749239761,1,56135.78,6.545876469,1,3514604.57,4.327251012,1,21244.72,Clean
Beef 497,Beef497,BRD,IN,Ault,9/10/20,102.5,3584980954,7.920023581,83180893.49,1,6.680731959,1,4794374.55,6.494203548,1,3120351.71,6.958834331,1,9095662.37,Clean
Beef 498,Beef498,BRD,IN,Ault,9/10/20,103.2,96357275.04,4.458933671,28769.58987,1,2.826074803,0,670,5.572325395,1,373529.92,5.718132739,1,522555.88,Clean
Beef 499,Beef499,BRD,IN,Ault,9/30/20,104.6,1110199616,7.589423521,38852907.2,1,6.595681275,1,3941679.19,2.230448921,0,170,5.780022122,1,602590.28,Clean
Beef 5,Beef5,Healthy,TX,Cactus,3/4/21,102.5,6050353.62,4.567060631,36902.91141,1,2.826074803,0,670,2.230448921,0,170,3.258688133,1,1814.212408,Clean
Beef 50,Beef50,BRD,TX,Cactus,3/18/21,104,12135712840,7.874026535,74821521.5,1,5.397458081,1,249722.7341,2.230448921,0,170,6.423048336,1,2648794.929,Clean
Beef 500,Beef500,BRD,IN,Ault,9/30/20,104.1,120850227.1,4.433939525,27160.61032,1,2.826074803,0,670,2.230448921,0,170,5.298347888,1,198768.65,Clean
Beef 501,Beef501,Healthy,IN,Ault,9/30/20,102.7,102927528.2,5.878418071,755819.462,1,2.826074803,0,670,3.280885546,1,1909.35,5.176533985,1,150152.99,Clean
Beef 502,Beef502,Healthy,IN,Ault,9/30/20,103.1,36472842.95,4.957815677,90743.53147,1,3.322430187,1,2101.02,3.606601681,1,4042.05,5.095677022,1,124645.62,Clean
Beef 503,Beef503,Healthy,IN,Ault,9/30/20,102.9,236110018.1,5.790942342,617934.3569,1,3.169195212,1,1476.37,3.052893925,1,1129.52,6.328464611,1,2130416.96,Clean
Beef 504,Beef504,BRD,IN,Ault,9/30/20,103.6,116272199.7,7.29672064,19802528.19,1,4.179004845,1,15100.97,4.922943381,1,83742.01,6.641305823,1,4378303.1,Clean
Beef 505,Beef505,Healthy,IN,Ault,9/30/20,102.9,30016392.27,4.270579858,18645.75005,1,2.826074803,0,670,2.230448921,0,170,2.278753601,0,190,Clean
Beef 506,Beef506,Healthy,IN,Ault,9/30/20,103,73610460.98,6.644055054,4406107.147,1,3.462045927,1,2897.65,3.036061707,1,1086.58,5.001663069,1,100383.67,Dirty
Beef 507,Beef507,BRD,IN,Ault,9/30/20,106.5,491371131.7,6.965345029,9233046.628,1,5.052811559,1,112930.58,2.230448921,0,170,5.386515927,1,243509.51,Clean
Beef 508,Beef508,Healthy,IN,Ault,9/30/20,102.9,149139248.8,4.784452579,60876.90695,1,4.642646905,1,43918.44,2.230448921,0,170,6.471537089,1,2961672.88,Dirty
Beef 509,Beef509,Healthy,IN,Ault,9/30/20,102.5,28722690.39,7.19068755,15512705.59,1,2.826074803,0,670,2.230448921,0,170,4.808545717,1,64349.58,Clean
Beef 51,Beef51,Healthy,TX,Cactus,3/16/21,102.7,230,5.126524509,133821.0734,1,2.826074803,0,670,2.230448921,0,170,3.954398641,1,9003.236132,Clean
Beef 510,Beef510,BRD,IN,Ault,9/30/20,103.3,982112330.9,6.462276162,2899186.555,1,6.023302748,1,1055122.17,5.388493382,1,244620.8,5.557139929,1,360694.84,Clean
Beef 511,Beef511,BRD,IN,Ault,9/30/20,103.9,160391990.1,6.445007023,2786166.225,1,4.581180462,1,38122.42,4.771904011,1,59143.09,5.872222047,1,745112.84,Clean
Beef 512,Beef512,Healthy,IN,Ault,10/14/20,102.7,330885647.5,6.129146027,1346312.961,1,2.826074803,0,670,5.414576455,1,259762.5,5.43221182,1,270527.75,Clean
Beef 513,Beef513,BRD,IN,Ault,10/14/20,103.4,302944388.9,6.959510204,9109828.551,1,5.574280956,1,375215.66,2.230448921,0,170,3.731346169,1,5386.99,Clean
Beef 514,Beef514,BRD,IN,Ault,10/14/20,104.7,86543268.47,5.449790928,281702.6473,1,2.826074803,0,670,4.853759216,1,71410.03,5.45479902,1,284969.92,Clean
Beef 515,Beef515,Healthy,IN,Ault,10/14/20,103.3,226090677.5,5.708943681,511615.4848,1,2.826074803,0,670,2.230448921,0,170,5.183467097,1,152569.28,Clean
Beef 516,Beef516,Healthy,IN,Ault,10/14/20,102.7,133043208.3,5.180731612,151611.3141,1,2.826074803,0,670,5.779475355,1,601832.11,4.185828757,1,15340.12,Clean
Beef 517,Beef517,BRD,IN,Ault,10/14/20,105.2,1496127378,6.65806765,4550589.392,1,4.577807984,1,37827.53,5.906382494,1,806088.07,5.665698722,1,463125.53,Clean
Beef 518,Beef518,Healthy,IN,Ault,10/14/20,105.4,2.61E+11,5.370495586,234690.5411,1,2.826074803,0,670,2.230448921,0,170,4.689663965,1,48940,Clean
Beef 519,Beef519,Healthy,IN,Ault,10/28/20,103.6,71207305.46,5.917064934,826161.4657,1,5.902652285,1,799194.13,5.976924674,1,948253.98,5.596999451,1,395366.12,Clean
Beef 52,Beef52,BRD,TX,Cactus,3/18/21,105.1,543372008.4,7.616368422,41339804.88,1,5.76535137,1,582574.3642,2.230448921,0,170,4.287959341,1,19407.04178,Clean
Beef 520,Beef520,BRD,IN,Ault,10/28/20,107.4,35873400.24,7.029578493,10704798.4,1,6.503633144,1,3188843.05,4.775477336,1,59631.72,4.804112024,1,63695.98,Clean
Beef 521,Beef521,Healthy,IN,Ault,10/28/20,102.5,40663944.05,3.283195397,1919.53218,1,4.559075646,1,36230.61,2.230448921,0,170,5.60985542,1,407244.68,Clean
Beef 522,Beef522,BRD,IN,Ault,10/28/20,104.9,20785446.07,2.937214288,865.394814,1,4.969362228,1,93188.48,5.413104371,1,258883.5,5.373834689,1,236501.93,Clean
Beef 523,Beef523,Healthy,IN,Ault,10/28/20,103.4,31104071.4,2.49225804,310.6404737,1,2.826074803,0,670,2.230448921,0,170,2.278753601,0,190,Dirty
Beef 524,Beef524,Healthy,IN,Ault,10/28/20,,1140970636,5.138361445,137518.6009,1,2.826074803,0,670,2.230448921,0,170,5.790698307,1,617587.23,Dirty
Beef 525,Beef525,BRD,IN,Ault,10/28/20,106.2,61842992.77,7.084327563,12143043.84,1,5.892741281,1,781162.31,4.55160234,1,35612.49,6.104916096,1,1273257.07,Dirty
Beef 526,Beef526,BRD,IN,Ault,10/28/20,106,248682454.3,6.33800682,2177743.973,1,4.389414536,1,24514.02,4.953144723,1,89772.79,6.059891378,1,1147866.49,Dirty
Beef 527,Beef527,Healthy,IN,Ault,10/28/20,103.3,17757361.45,2.278753601,190,0,2.826074803,0,670,2.230448921,0,170,5.745914714,1,557076.34,Dirty
Beef 528,Beef528,BRD,IN,Ault,11/4/20,104.1,7477736.75,2.278753601,190,0,2.826074803,0,670,5.99227411,1,982367.78,3.494601187,1,3123.21,Dirty
Beef 529,Beef529,Healthy,IN,Ault,11/4/20,102.7,40784085.92,3.857586166,7204.206724,1,4.332342096,1,21495.23,3.874917054,1,7497.51,5.46194857,1,289700.05,Dirty
Beef 53,Beef53,Healthy,TX,Cactus,3/15/21,103,2.54E+11,5.061657472,115254.3888,1,2.826074803,0,670,3.47776406,1,3004.443632,3.421976615,1,2642.266476,Dirty
Beef 530,Beef530,BRD,IN,Ault,11/4/20,105.6,34582234.2,3.574524598,3754.262174,1,4.990625403,1,97864.55,5.995728523,1,990212.77,5.580159167,1,380328.76,Dirty
Beef 531,Beef531,BRD,IN,Ault,11/4/20,104.6,38747282.32,6.760016265,5754614.882,1,5.948564028,1,888308.93,4.154936789,1,14286.86,5.947430178,1,885992.77,Dirty
Beef 532,Beef532,Healthy,IN,Ault,11/4/20,102.2,48828715.51,6.622546204,4193206.053,1,2.826074803,0,670,4.262511365,1,18302.54,6.128722501,1,1345000.67,Dirty
Beef 533,Beef533,Healthy,IN,Ault,11/4/20,103.4,13915064.83,4.744455759,55520.80554,1,2.826074803,0,670,2.230448921,0,170,5.269000829,1,185780.8,Dirty
Beef 534,Beef534,BRD,IN,Ault,11/4/20,104.1,4.63E+12,7.839570261,69114673.62,1,6.475685414,1,2990097.94,5.783276292,1,607122.45,6.249640024,1,1776806.05,Dirty
Beef 535,Beef535,Healthy,IN,Ault,11/4/20,102.9,260220433,5.942397567,875785.1302,1,3.389662138,1,2452.8,5.118428027,1,131349.38,5.013103791,1,103063.24,Dirty
Beef 536,Beef536,BRD,IN,Ault,11/4/20,105.1,151065545.1,5.22714329,168710.9575,1,4.188462456,1,15433.43,4.447981324,1,28053.13,5.187374756,1,153948.25,Dirty
Beef 537,Beef537,Healthy,IN,Ault,11/11/20,102.9,15453924.63,5.289308445,194674.2208,1,3.968991662,1,9310.9,5.111616192,1,129305.26,5.723633852,1,529217.08,Dirty
Beef 538,Beef538,BRD,IN,Ault,11/11/20,106.5,2929162.17,5.877018389,753387.4633,1,4.824465519,1,66752.19,4.109111607,1,12856.17,4.300954856,1,19996.54,Dirty
Beef 539,Beef539,Healthy,IN,Ault,11/11/20,106.6,188202144.7,5.952401269,896192.4261,1,3.95409048,1,8996.85,5.515975322,1,328076.65,6.04298115,1,1104030.7,Dirty
Beef 540,Beef540,Healthy,IN,Ault,11/11/20,102.9,10689216.52,5.587333958,386664.1949,1,2.826074803,0,670,2.230448921,0,170,4.269667255,1,18606.61,Dirty
Beef 541,Beef541,Healthy,IN,Ault,11/11/20,103.8,350946213.4,3.724116778,5298.058849,1,4.410474724,1,25732.07,2.230448921,0,170,4.989821301,1,97683.52,Dirty
Beef 542,Beef542,BRD,IN,Ault,11/11/20,104.4,78215574.15,6.284006373,1923119.951,1,5.581601936,1,381594.35,5.658063213,1,455054.29,6.144803072,1,1395735.33,Dirty
Beef 543,Beef543,Healthy,IN,Ault,11/11/20,103.2,408908380.3,5.534228033,342159.0511,1,6.756151364,1,5703630.26,2.230448921,0,170,5.720260048,1,525121.8,Dirty
Beef 544,Beef544,Healthy,IN,Ault,11/11/20,104,38502304.75,6.471243132,2959668.918,1,4.271435921,1,18682.54,4.897362531,1,78951.89,5.60817225,1,405669.4,Dirty
Beef 545,Beef545,BRD,IN,Ault,11/11/20,104.8,35660454.22,7.081068049,12052247.7,1,5.605049427,1,402762.87,4.370260989,1,23456.38,5.332755985,1,215157.25,Dirty
Beef 546,Beef546,Healthy,IN,Ault,11/18/20,103.7,164343930.8,3.409355216,2566.582422,1,2.826074803,0,670,2.230448921,0,170,4.461489523,1,28939.4,Dirty
Beef 547,Beef547,Healthy,IN,Ault,11/18/20,102.5,57314414.89,6.530182242,3389863.744,1,6.692877929,1,4930352.03,2.230448921,0,170,6.459390597,1,2879987.46,Dirty
Beef 548,Beef548,Healthy,IN,Ault,11/18/20,103.6,223685399.7,4.168157353,14728.46044,1,4.940271777,1,87150.88,4.562476895,1,36515.47,6.275352835,1,1885180.05,Dirty
Beef 549,Beef549,Healthy,IN,Ault,11/18/20,103.3,8940077.77,3.478451717,3009.204601,1,2.826074803,0,670,4.255084994,1,17992.23,5.71260824,1,515950.74,Dirty
Beef 550,Beef550,Healthy,IN,Ault,11/18/20,102.4,17955854.51,4.705708519,50781.85008,1,5.761893642,1,577954.49,2.230448921,0,170,6.210893009,1,1625148.34,Dirty
Beef 551,Beef551,BRD,IN,Ault,11/18/20,105.2,7.24E+11,3.466326861,2926.353995,1,5.685494398,1,484723.86,2.230448921,0,170,7.031047095,1,10741058.82,Dirty
Beef 552,Beef552,Healthy,IN,Ault,11/18/20,102.5,56280968.14,5.345193197,221407.9429,1,4.222117148,1,16676.97,4.542853549,1,34902.26,5.885808833,1,768791.96,Dirty
Beef 553,Beef553,BRD,IN,Ault,11/18/20,104.8,1064023600,6.940979604,8729303.725,1,6.219079513,1,1656073.14,4.050461348,1,11232.11,3.926203491,1,8437.3,Dirty
Beef 554,Beef554,Healthy,IN,Ault,11/18/20,102.9,104566185.7,6.430370508,2693832.002,1,5.0200118,1,104715.7,3.766585341,1,5842.32,6.153521383,1,1424037.36,Dirty
Beef 555,Beef555,BRD,IN,Ault,11/18/20,105.8,335480067.9,4.914067611,82047.92669,1,2.826074803,0,670,4.980508178,1,95611.07,6.589527272,1,3886219.01,Dirty
Beef 556,Beef556,Healthy,IN,Ault,12/2/20,103.7,17970497.91,3.661980336,4591.772214,1,2.826074803,0,670,2.230448921,0,170,2.278753601,0,190,Dirty
Beef 557,Beef557,BRD,IN,Ault,12/2/20,103,608892924.7,7.376363038,23788279.79,1,6.726289013,1,5324624.83,4.407307947,1,25545.12,6.084547267,1,1214918.84,Dirty
Beef 558,Beef558,Healthy,IN,Ault,12/2/20,102.9,21003857.39,6.92477996,8409689.486,1,3.814043723,1,6516.94,3.587649239,1,3869.45,6.354559412,1,2262348.01,Dirty
Beef 559,Beef559,Healthy,IN,Ault,12/2/20,103.5,106927258,5.981140424,957503.6178,1,2.826074803,0,670,2.230448921,0,170,3.414127321,1,2594.94,Dirty
Beef 56,Beef56,Healthy,TX,Cactus,3/23/21,101.8,166569187.9,7.501026988,31697644.34,1,2.826074803,0,670,2.230448921,0,170,6.636315666,1,4328283.166,Dirty
Beef 560,Beef560,BRD,IN,Ault,12/2/20,104,56378457.97,6.551931895,3563952.403,1,2.826074803,0,670,2.230448921,0,170,5.853180515,1,713149.39,Dirty
Beef 561,Beef561,BRD,IN,Ault,12/2/20,104.9,831889037.2,7.45952467,28808766.92,1,6.465584806,1,2921358.17,4.089281115,1,12282.34,5.830554841,1,676947.27,Dirty
Beef 562,Beef562,Healthy,IN,Ault,12/2/20,102.5,19688076.92,5.612259679,409505.4431,1,4.587949144,1,38721.23,4.492815824,1,31103.97,4.248551205,1,17723.57,Dirty
Beef 563,Beef563,Healthy,IN,Ault,12/2/20,104.9,78315943.44,5.000200738,100046.2324,1,2.826074803,0,670,2.230448921,0,170,4.701462205,1,50287.75,Dirty
Beef 564,Beef564,BRD,IN,Ault,12/2/20,103.8,620933353.5,6.677395818,4757686.459,1,5.753627696,1,567058.28,5.460916822,1,289012.63,6.335689171,1,2166153.21,Dirty
Beef 565,Beef565,Healthy,IN,Ault,12/2/20,103,1148807162,7.316841689,20741572.99,1,2.826074803,0,670,2.440783181,1,275.92,6.771362446,1,5906938.45,Dirty
Beef 566,Beef566,Healthy,IN,Ault,12/2/20,102,88328042.68,5.11224917,129493.858,1,5.606814734,1,404403.34,2.230448921,0,170,6.37459368,1,2369156.12,Dirty
Beef 567,Beef567,BRD,IN,Ault,12/2/20,102.7,1.50E+12,5.390952529,246009.8688,1,4.752474846,1,56555.5,2.230448921,0,170,4.824282659,1,66724.09,Dirty
Beef 57,Beef57,BRD,TX,Cactus,3/22/21,105.7,12413239688,7.65754421,45451080.27,1,6.217532878,1,1650185.924,5.756108268,1,570306.4294,6.855424072,1,7168430.389,Dirty
Beef 58,Beef58,BRD,TX,Cactus,3/23/21,104.9,4877435639,7.884227692,76599809.89,1,5.363742793,1,231069.5897,3.824021785,1,6668.402185,5.613826152,1,410985.1704,Dirty
Beef 59,Beef59,Healthy,TX,Cactus,3/22/21,102.3,176590835.8,4.123808524,13298.67965,1,2.826074803,0,670,2.230448921,0,170,4.19144345,1,15539.72934,Dirty
Beef 6,Beef6,BRD,TX,Cactus,3/9/21,105.5,233129209.1,6.795929207,6250707.943,1,4.580358162,1,38050.30675,2.230448921,0,170,5.032574021,1,107788.8952,Dirty
Beef 60,Beef60,Healthy,TX,Cactus,3/24/21,101.1,116347,5.315312117,206686.503,1,2.826074803,0,670,5.731864957,1,539342.8884,4.627614162,1,42424.24891,Dirty
Beef 61,Beef61,Healthy,TX,Cactus,3/23/21,102,678889315.5,6.113864505,1299764.002,1,2.826074803,0,670,6.38432624,1,2422848.397,4.415742139,1,26046.06612,Dirty
Beef 63,Beef63,BRD,TX,Cactus,3/24/21,104.4,2.37E+11,7.418395918,26205709.22,1,4.796532655,1,62593.99277,5.574810464,1,375673.4157,5.901318733,1,796743.8747,Dirty
Beef 64,Beef64,BRD,TX,Cactus,3/23/21,104.8,28090149.45,7.5473474,35265285.19,1,6.159026938,1,1442204.803,3.931535599,1,8541.528596,6.026909929,1,1063922.343,Dirty
Beef 65,Beef65,Healthy,TX,Cactus,3/23/21,102.3,172190147.7,5.402580426,252685.5608,1,3.441971382,1,2766.759323,3.43929098,1,2749.735875,3.861250275,1,7265.245183,Dirty
Beef 66 ,Beef66,Healthy,TX,Cactus,3/30/21,102.4,671295831,6.70140463,5028108.375,1,2.826074803,0,670,3.190006499,1,1548.839797,2.278753601,0,190,Dirty
Beef 67,Beef67,Healthy,TX,Cactus,3/30/21,102.3,174632784.7,4.469819135,29499.80433,1,2.826074803,0,670,2.230448921,0,170,4.712141326,1,51539.63348,Dirty
Beef 68,Beef68,Healthy,TX,Cactus,3/29/21,102.4,323068904,6.140595525,1382278.412,1,5.570992651,1,372385.4051,4.672537671,1,47047.62132,4.797373933,1,62715.36193,Dirty
Beef 69,Beef69,BRD,TX,Cactus,3/30/21,105.5,8214788325,6.956844657,9054086.874,1,5.642389732,1,438924.4076,5.385080203,1,242705.8271,6.419200263,1,2625428.909,Dirty
Beef 7,Beef7,BRD,TX,Cactus,3/8/21,107,5936663.61,7.28010273,19059114.96,1,5.451997518,1,283137.5811,3.937859941,1,8666.82328,5.303032045,1,200924.106,Dirty
Beef 71,Beef71,BRD,TX,Cactus,3/30/21,104,551265140.8,7.10032398,12598649.1,1,5.051380567,1,112559.0884,2.230448921,0,170,4.641469982,1,43799.58366,Dirty
Beef 78,Beef78,BRD,CO,Five Rivers,4/9/21,105.4,262442154.6,3.360376914,2292.856708,1,2.826074803,0,670,3.856234264,1,7181.815824,2.278753601,0,190,Dirty
Beef 79,Beef79,BRD,CO,Five Rivers,4/9/21,104.2,1504102009,7.141571727,13853889.76,1,4.446867198,1,27981.25556,3.247516346,1,1768.138764,6.117740007,1,1311414.578,Dirty
Beef 8,Beef8,Healthy,TX,Cactus,3/10/21,102.7,75293082.68,6.106886361,1279046.58,1,3.52923448,1,3382.474103,2.230448921,0,170,3.483697506,1,3045.772811,Dirty
Beef 80,Beef80,Healthy,CO,Five Rivers,4/9/21,103.1,1687040548,4.306192997,20239.18391,1,2.826074803,0,670,2.230448921,0,170,3.384809303,1,2425.544815,Dirty
Beef 81,Beef81,BRD,CO,Five Rivers,4/9/21,105.4,2301994995,5.226060882,168290.9963,1,3.964100712,1,9206.630478,4.342681569,1,22013.1184,5.7208249,1,525805.2279,Dirty
Beef 82,Beef82,BRD,CO,Five Rivers,4/9/21,104.4,10762635.78,5.999402644,998625.4814,1,2.826074803,0,670,2.230448921,0,170,6.184398256,1,1528967.508,Dirty
Beef 83,Beef83,Healthy,CO,Five Rivers,4/9/21,103.3,420919757.4,5.977361773,949208.8377,1,2.826074803,0,670,2.230448921,0,170,7.526201069,1,33589308.95,Dirty
Beef 84,Beef84,Healthy,CO,Five Rivers,4/9/21,103.3,3089231185,5.674337487,472430.0201,1,4.866429338,1,73524.03575,2.230448921,0,170,5.066468038,1,116538.1282,Dirty
Beef 86,Beef86,Healthy,CO,Five Rivers,4/9/21,103.1,342551418.2,6.101831903,1264246.916,1,3.382553608,1,2412.979365,3.833572038,1,6816.666359,3.287604739,1,1939.12024,Dirty
Beef 87,Beef87,BRD,CO,Five Rivers,4/9/21,104.7,285975197.2,6.78264646,6062426.134,1,2.826074803,0,670,4.931899433,1,85486.87329,2.278753601,0,190,Dirty
Beef 88,Beef88,BRD,CO,Five Rivers,4/9/21,102.6,914626692.8,6.35838211,2282349.292,1,2.826074803,0,670,2.230448921,0,170,2.278753601,0,190,Dirty
Beef 89,Beef89,Healthy,CO,Five Rivers,4/9/21,103.1,425211930,3.78755736,6131.367676,1,2.826074803,0,670,2.230448921,0,170,4.851720956,1,71075.66894,Dirty
Beef 9,Beef9,BRD,TX,Cactus,3/11/21,104.4,413666687.7,7.463862545,29097960.16,1,5.531327607,1,339881.563,5.147917378,1,140578.0058,2.278753601,0,190,Dirty
Beef 90,Beef90,BRD,CO,Five Rivers,4/9/21,103.5,1710433687,6.896758746,7884220.218,1,3.76794126,1,5860.588929,2.230448921,0,170,2.278753601,0,190,Dirty
Beef 91,Beef91,Healthy,CO,Five Rivers,4/9/21,103.6,1336070644,3.997924134,9952.315463,1,2.826074803,0,670,2.230448921,0,170,4.336721648,1,21713.09079,Dirty
Beef 92,Beef92,Healthy,CO,Five Rivers,4/9/21,103.1,925632656.8,3.983763523,9633.043529,1,2.826074803,0,670,2.230448921,0,170,2.278753601,0,190,Dirty
Beef 93 ,Beef93,Healthy,CO,Five Rivers,4/9/21,103.8,544171218.2,6.530342846,3391117.562,1,5.828293138,1,673431.0522,2.230448921,0,170,2.278753601,0,190,Dirty
Beef 94,Beef94,Healthy,CO,Five Rivers,4/9/21,102.2,2249956009,4.274736157,18825.05079,1,2.826074803,0,670,4.375357336,1,23733.25669,6.118094131,1,1312484.343,Dirty
Beef 95,Beef95,BRD,CO,Five Rivers,4/9/21,102.1,491950411.8,3.856502356,7186.25057,1,2.826074803,0,670,3.421435751,1,2638.977885,5.419012516,1,262429.4173,Dirty
Beef 96,Beef96,BRD,CO,Five Rivers,4/9/21,103.6,2963835397,4.85729685,71994.09049,1,3.646813609,1,4434.182961,3.541598249,1,3480.152289,2.278753601,0,190,Dirty
Beef 97,Beef97,BRD,CO,Five Rivers,4/9/21,102.7,1259444369,4.339762363,21865.64854,1,2.826074803,0,670,2.230448921,0,170,2.278753601,0,190,Dirty
Beef 98,Beef98,BRD,CO,Five Rivers,4/9/21,102.4,781471154.5,6.300896885,1999387.095,1,5.549714116,1,354579.9024,4.414357446,1,25963.15377,2.278753601,0,190,Dirty
Beef 99,Beef99,BRD,CO,Five Rivers,4/9/21,104,16807096387,7.16204861,14522741.58,1,5.255145669,1,179947.4385,2.230448921,0,170,6.476190136,1,2993574.952,Dirty
Beef70,Beef70,BRD,TX,Cactus,3/29/21,105.5,743478926.7,6.622247489,4190322.885,1,3.906052404,1,8054.756278,5.355566607,1,226760.083,5.14593763,1,139938.6338,Dirty