Name,Status,State,Farm,animal,Date of colleciton,RectaTemp,16S copies,Hscopy_log,HScopies,HSpre_abs,MBcopy_log,MBcopies,MBpre_abs,MHcopy_log,MHcopies,MHpre_abs,PMcopy_log,PMcopies,PMpre_abs,ID
Dairy 204,BRD,TX,Farm1,calf,1/1/22,101.6,230,4.170068519,14793.41768,1,2.826074803,670,0,4.389034568,24492.58182,1,4.662673064,45991.02233,1,Dairy204
Dairy 205,BRD,TX,Farm1,calf,1/1/22,100.5,4034413.22,3.50171992,3174.825936,1,2.826074803,670,0,5.451906206,283078.0571,1,2.278753601,190,0,Dairy205
Dairy 206,BRD,TX,Farm1,calf,1/1/22,102.9,8038339.76,4.009426315,10219.42157,1,2.826074803,670,0,2.230448921,170,0,2.278753601,190,0,Dairy206
Dairy 207,Healthy,TX,Farm1,calf,1/1/22,101.9,3616426.91,3.153456478,1423.824552,1,2.826074803,670,0,2.230448921,170,0,4.710507086,51346.05552,1,Dairy207
Dairy 208,Healthy,TX,Farm1,calf,1/1/22,102.7,3553039.03,3.938047207,8670.561184,1,2.826074803,670,0,5.256698109,180591.8341,1,2.278753601,190,0,Dairy208
Dairy 209,Healthy,TX,Farm1,calf,1/1/22,101.5,2087082.96,3.458119029,2871.567498,1,2.826074803,670,0,3.531648613,3401.328772,1,5.231670882,170478.9972,1,Dairy209
Dairy 210,BRD,TX,Farm1,calf,1/1/22,102.1,2158001.1,3.387404537,2440.082651,1,2.826074803,670,0,2.230448921,170,0,3.960725159,9135.349319,1,Dairy210
Dairy 211,Healthy,TX,Farm1,calf,1/1/22,102.1,1105469.58,3.879479188,7576.684233,1,2.826074803,670,0,5.447312306,280099.4823,1,2.278753601,190,0,Dairy211
Dairy 212,BRD,TX,Farm1,calf,1/1/22,101.2,2745725.96,4.010489981,10244.48146,1,2.826074803,670,0,2.230448921,170,0,2.278753601,190,0,Dairy212
Dairy 213,Healthy,TX,Farm1,calf,1/1/22,101.4,3370577.32,4.065765448,11634.97483,1,2.826074803,670,0,2.230448921,170,0,3.270022435,1862.183331,1,Dairy213
Dairy 214,BRD,TX,Farm1,calf,1/1/22,102.6,1379088.03,3.816280052,6550.584486,1,2.826074803,670,0,4.284155029,19237.78335,1,2.278753601,190,0,Dairy214
Dairy 215,BRD,TX,Farm1,calf,1/1/22,102.3,1056520.57,3.784962804,6094.846941,1,2.826074803,670,0,5.294678378,197096.2575,1,2.278753601,190,0,Dairy215
Dairy 216,Healthy,TX,Farm1,calf,1/1/22,101.9,16253025.48,4.037766607,10908.53945,1,2.826074803,670,0,5.824334021,667319.8162,1,2.278753601,190,0,Dairy216
Dairy 217,Healthy,TX,Farm1,calf,1/1/22,101.7,1129128.62,3.170155254,1479.637241,1,2.826074803,670,0,3.89898794,7924.793237,1,2.278753601,190,0,Dairy217
Dairy 218,BRD,TX,Farm1,calf,1/1/22,102.3,11995429.4,3.56110416,3640.023268,1,2.826074803,670,0,5.389703291,245303.2436,1,2.278753601,190,0,Dairy218
Dairy 219,BRD,TX,Farm1,calf,1/1/22,102.8,10206918.28,3.878963218,7567.687984,1,2.826074803,670,0,3.830081531,6762.099097,1,2.278753601,190,0,Dairy219
Dairy 220,Healthy,TX,Farm1,calf,1/1/22,100.6,3698219.72,3.558983207,3622.289915,1,2.826074803,670,0,4.191582672,15544.71171,1,2.278753601,190,0,Dairy220
Dairy 221,Healthy,TX,Farm1,calf,1/1/22,101.9,1750806.51,4.038228784,10920.15454,1,2.826074803,670,0,5.266967773,184913.14,1,2.278753601,190,0,Dairy221
Dairy 222,BRD,TX,Farm1,calf,1/1/22,105.1,17982833.49,3.738099104,5471.408043,1,2.826074803,670,0,5.202691204,159474.4835,1,2.278753601,190,0,Dairy222
Dairy 223,Healthy,TX,Farm1,calf,1/1/22,101.7,4220078.83,4.106634148,12783.04,1,2.826074803,670,0,4.832487851,67996.70239,1,3.767393588,5853.203025,1,Dairy223
Dairy 224,BRD,TX,Farm1,calf,1/1/22,101.7,6431811.53,4.160220534,14461.73948,1,2.826074803,670,0,5.448843634,281088.8599,1,2.278753601,190,0,Dairy224
Dairy 225,BRD,TX,Farm1,calf,1/1/22,97.8,23011875.03,5.249947593,177806.4836,1,2.826074803,670,0,5.224385065,167642.8616,1,2.278753601,190,0,Dairy225
Dairy 226,Healthy,TX,Farm1,calf,1/1/22,101.2,1675346.35,3.568950537,3706.385067,1,2.826074803,670,0,4.885414278,76809.38323,1,2.278753601,190,0,Dairy226
Dairy 227,Healthy,TX,Farm1,calf,1/1/22,102.1,48143464.26,3.724572955,5303.626786,1,2.826074803,670,0,5.275018514,188372.9389,1,5.333489584,215520.9953,1,Dairy227
Dairy 228,BRD,TX,Farm1,calf,1/1/22,101.4,4256127.29,3.930718599,8525.475276,1,2.826074803,670,0,4.390776909,24591.04071,1,2.278753601,190,0,Dairy228
Dairy 229,Healthy,TX,Farm1,calf,1/1/22,100.8,96764085036,3.589988609,3890.349411,1,2.826074803,670,0,5.648016544,444648.2059,1,2.278753601,190,0,Dairy229
Dairy 230,BRD,TX,Farm1,calf,1/1/22,100.9,83956390.23,3.984256523,9643.984932,1,3.517518679,3292.446139,1,5.015256959,103575.4811,1,6.05297798,1129738.632,1,Dairy230
Dairy 231,Healthy,TX,Farm1,calf,1/1/22,102,60454198.56,5.721800138,526987.287,1,2.826074803,670,0,5.61848587,415418.535,1,2.278753601,190,0,Dairy231
Dairy 232,BRD,TX,Farm1,calf,1/1/22,101,10538933.06,4.227698683,16892.68497,1,3.570611495,3720.587259,1,5.184117798,152798.0451,1,2.278753601,190,0,Dairy232
Dairy 233,Healthy,TX,Farm1,calf,1/1/22,102,29599554.86,3.32321755,2104.832545,1,2.826074803,670,0,2.230448921,170,0,2.278753601,190,0,Dairy233
Dairy 234,BRD,TX,Farm1,calf,1/1/22,101.2,2085308.57,4.682233026,48109.74179,1,2.826074803,670,0,4.340239366,21889.67764,1,5.502117704,317773.5194,1,Dairy234
Dairy 235,Healthy,TX,Farm1,calf,1/1/22,102.4,7366158.84,3.980537441,9561.751243,1,2.826074803,670,0,4.445872727,27917.25584,1,2.278753601,190,0,Dairy235
Dairy 236,BRD,TX,Farm1,calf,1/1/22,102.4,5139234.32,4.102764193,12669.63762,1,2.826074803,670,0,3.43416975,2717.501235,1,3.987837088,9723.823966,1,Dairy236
Dairy 237,Healthy,TX,Farm1,calf,1/1/22,102.3,631822.95,6.285018592,1927607.432,1,2.826074803,670,0,2.230448921,170,0,3.934161956,8593.339232,1,Dairy237
Dairy 238,BRD,TX,Farm1,calf,1/1/22,102.3,3496147.11,5.745001561,555906.255,1,2.826074803,670,0,4.240395899,17393.85715,1,4.038810666,10934.79553,1,Dairy238
Dairy 239,Healthy,TX,Farm1,calf,1/1/22,101.5,5431254.09,4.58167879,38166.18842,1,2.826074803,670,0,4.880398617,75927.4155,1,2.278753601,190,0,Dairy239
Dairy 240,BRD,TX,Farm1,calf,1/1/22,102.1,29984283.47,6.572769229,3739118.502,1,4.650162221,44685.04719,1,3.835570299,6848.103238,1,6.025091376,1059476.616,1,Dairy240
Dairy 241,BRD,TX,Farm1,calf,1/1/22,102.7,1132230.26,4.591710007,39058.00052,1,2.826074803,670,0,2.230448921,170,0,2.278753601,190,0,Dairy241
Dairy 242,Healthy,TX,Farm1,calf,1/1/22,102.8,6193278.97,6.655407747,4522803.787,1,2.826074803,670,0,4.104595949,12723.18814,1,2.278753601,190,0,Dairy242
Dairy 243,Healthy,TX,Farm1,calf,1/1/22,102.3,916095.54,4.451285646,28267.38575,1,2.826074803,670,0,2.230448921,170,0,3.510770792,3241.684855,1,Dairy243
Dairy 244,BRD,TX,Farm1,calf,1/1/22,101.7,35556617.53,6.042074421,1101728.086,1,2.826074803,670,0,5.339299878,218423.7595,1,2.278753601,190,0,Dairy244
Dairy 245,Healthy,TX,Farm1,calf,1/1/22,103.3,12594452.96,6.920434875,8325970.63,1,4.515209602,32749.87161,1,4.72224663,52752.93534,1,3.900918199,7960.094058,1,Dairy245
Dairy 246,Healthy,TX,Farm1,calf,1/1/22,101.8,1254517.03,6.056457371,1138825.992,1,3.496987228,3140.416336,1,2.230448921,170,0,2.278753601,190,0,Dairy246
Dairy 247,BRD,TX,Farm1,calf,1/1/22,101.7,7000749.58,5.876922662,753221.4194,1,3.704097045,5059.377035,1,4.531790972,34024.4389,1,4.847265203,70350.17835,1,Dairy247
Dairy 248,BRD,TX,Farm1,calf,1/1/22,101.8,20020994.03,5.954574272,900687.7835,1,2.826074803,670,0,3.133053338,1358.480278,1,2.278753601,190,0,Dairy248
Dairy 249,Healthy,TX,Farm1,calf,1/1/22,101.6,2361256.45,4.015910519,10373.14669,1,2.826074803,670,0,3.906869102,8069.917639,1,5.419530718,262742.7358,1,Dairy249
Dairy 250,BRD,TX,Farm1,calf,1/1/22,101.9,11561521.59,6.211721012,1628249.718,1,2.826074803,670,0,2.230448921,170,0,5.91743088,826857.9,1,Dairy250
Dairy 251,BRD,TX,Farm1,calf,1/1/22,101.4,858451.19,5.957015123,905764.1405,1,2.826074803,670,0,2.230448921,170,0,2.278753601,190,0,Dairy251
Dairy 252,Healthy,TX,Farm1,calf,1/1/22,101.9,51368531.41,5.8128821,649953.221,1,2.826074803,670,0,4.080208053,12028.4053,1,5.716510753,520607.8991,1,Dairy252
Dairy 253,Healthy,TX,Farm1,calf,1/1/22,102.2,3557451.29,4.054578286,11339.09219,1,2.826074803,670,0,4.907330794,80785.01207,1,4.957921091,90765.55989,1,Dairy253
Dairy 254,BRD,TX,Farm1,calf,1/1/22,102.6,1263484.41,3.904767314,8030.957248,1,3.366424637,2325.008992,1,2.230448921,170,0,2.278753601,190,0,Dairy254
Dairy 255,Healthy,TX,Farm1,calf,1/1/22,101.7,36041376.31,4.629047279,42564.47481,1,2.826074803,670,0,2.230448921,170,0,2.278753601,190,0,Dairy255
Dairy 256,BRD,TX,Farm1,calf,1/1/22,102,2813741.5,5.114063375,130035.932,1,2.826074803,670,0,4.07751513,11954.05172,1,4.283558343,19211.37028,1,Dairy256
Dairy 257,BRD,TX,Farm1,calf,1/1/22,102.5,305768587.2,7.044319102,11074371.85,1,2.826074803,670,0,2.230448921,170,0,4.652128013,44887.76823,1,Dairy257
Dairy 258,Healthy,TX,Farm1,calf,1/1/22,103.1,2395705.91,6.558465475,3617974.277,1,2.826074803,670,0,4.527768403,33710.74908,1,5.256512655,180514.7338,1,Dairy258
Dairy 259,Healthy,TX,Farm1,calf,1/1/22,102.4,31606365.67,6.015897591,1037283.789,1,2.826074803,670,0,2.230448921,170,0,2.278753601,190,0,Dairy259
Dairy 260,BRD,TX,Farm1,calf,1/1/22,105,47980178.94,7.091105114,12334033.23,1,2.826074803,670,0,5.004634658,101072.8841,1,5.760833702,576545.6531,1,Dairy260
Dairy 285,Healthy,TX,Farm1,calf,1/1/22,102.2,3498858.04,3.381368661,2406.404665,1,2.826074803,670,0,2.230448921,170,0,2.278753601,190,0,Dairy285
Dairy 286,BRD,TX,Farm1,calf,1/1/22,102.3,27400127.77,3.68974209,4894.880462,1,2.826074803,670,0,2.230448921,170,0,2.278753601,190,0,Dairy286
Dairy 287,Healthy,TX,Farm1,calf,1/1/22,102.2,3688539.15,3.472508113,2968.302196,1,2.826074803,670,0,2.230448921,170,0,2.278753601,190,0,Dairy287
Dairy 288,BRD,TX,Farm1,calf,1/1/22,102.2,10055396.58,3.74779181,5594.893324,1,2.826074803,670,0,2.230448921,170,0,2.278753601,190,0,Dairy288
Dairy 289,Healthy,TX,Farm1,calf,1/1/22,102.2,17707878.4,2.278753601,190,0,2.826074803,670,0,2.230448921,170,0,2.278753601,190,0,Dairy289
Dairy 290,BRD,TX,Farm1,calf,1/1/22,101.2,185214285.2,2.925910585,843.1611443,1,2.826074803,670,0,2.230448921,170,0,2.278753601,190,0,Dairy290
Dairy 291,Healthy,TX,Farm1,calf,1/1/22,102.9,41651198.16,6.448132318,2806288.507,1,2.826074803,670,0,2.230448921,170,0,5.880630327,759679.3601,1,Dairy291
Dairy 292,BRD,TX,Farm1,calf,1/1/22,101.8,4119073.23,3.658000175,4549.882431,1,2.826074803,670,0,2.230448921,170,0,2.278753601,190,0,Dairy292
Dairy 293,Healthy,TX,Farm1,calf,1/1/22,101.3,18210507.83,3.834340569,6828.739861,1,2.826074803,670,0,2.230448921,170,0,2.278753601,190,0,Dairy293
Dairy 294,BRD,TX,Farm1,calf,1/1/22,101.6,468804397.5,3.329782901,2136.893612,1,2.826074803,670,0,2.230448921,170,0,2.278753601,190,0,Dairy294
Dairy 295,BRD,TX,Farm1,calf,1/1/22,102,19902943.76,4.107896338,12820.2454,1,2.826074803,670,0,2.230448921,170,0,2.278753601,190,0,Dairy295
Dairy 296,BRD,TX,Farm1,calf,1/1/22,102.5,14872736.14,3.055598508,1136.576071,1,2.826074803,670,0,2.230448921,170,0,2.278753601,190,0,Dairy296
Dairy 298,Healthy,TX,Farm1,calf,1/1/22,102.2,4323472.87,3.215820831,1643.693473,1,2.826074803,670,0,2.230448921,170,0,2.278753601,190,0,Dairy298
Dairy 299,Healthy,TX,Farm1,calf,1/1/22,102.8,25512726.49,3.017166851,1040.319769,1,2.826074803,670,0,2.230448921,170,0,2.278753601,190,0,Dairy299
Dairy 300,BRD,TX,Farm1,calf,1/1/22,102.4,7295372.52,2.278753601,190,0,2.826074803,670,0,2.230448921,170,0,2.278753601,190,0,Dairy300
Dairy 302,Healthy,TX,Farm1,calf,1/1/22,101.5,96945146.13,3.432120888,2704.711127,1,2.826074803,670,0,2.230448921,170,0,2.278753601,190,0,Dairy302
Dairy 303,BRD,TX,Farm1,calf,1/1/22,101.2,980270157,3.274754558,1882.584842,1,2.826074803,670,0,2.230448921,170,0,2.278753601,190,0,Dairy303
Dairy 304,BRD,TX,Farm1,calf,1/1/22,102.1,195681287.2,3.775096432,5957.944207,1,2.826074803,670,0,2.230448921,170,0,2.278753601,190,0,Dairy304
Dairy 305,Healthy,TX,Farm1,calf,1/1/22,102.2,56900096.86,2.278753601,190,0,2.826074803,670,0,2.230448921,170,0,6.279655177,1903948.412,1,Dairy305
Dairy 306,Healthy,TX,Farm1,calf,1/1/22,102.2,25588555.44,2.278753601,190,0,2.826074803,670,0,2.230448921,170,0,4.679643753,47823.76387,1,Dairy306
Dairy 307,BRD,TX,Farm1,calf,1/1/22,104.3,230,3.401494606,2520.545876,1,2.826074803,670,0,2.230448921,170,0,7.781650066,60485331.67,1,Dairy307
Dairy 308,Healthy,TX,Farm1,calf,1/1/22,102.2,331355406.3,4.466186101,29254.05682,1,2.826074803,670,0,2.230448921,170,0,2.278753601,190,0,Dairy308
Dairy 309,BRD,TX,Farm1,calf,1/1/22,101.7,30952416.47,3.791858237,6192.389091,1,2.826074803,670,0,2.230448921,170,0,3.218694716,1654.606461,1,Dairy309
Dairy 310,Healthy,TX,Farm1,calf,1/1/22,100.5,51889054702,3.667214148,4647.443819,1,2.826074803,670,0,2.230448921,170,0,7.199322844,15824239.39,1,Dairy310
Dairy 311,BRD,TX,Farm1,calf,1/1/22,102.3,4233266.1,2.278753601,190,0,2.826074803,670,0,2.230448921,170,0,2.278753601,190,0,Dairy311
Dairy 312,Healthy,TX,Farm1,calf,1/1/22,102.2,41210229.74,3.214643946,1639.245297,1,2.826074803,670,0,2.230448921,170,0,5.857404337,720119.1109,1,Dairy312
Dairy 313,BRD,TX,Farm1,calf,1/1/22,102.5,179242264.7,2.278753601,190,0,2.826074803,670,0,2.230448921,170,0,2.278753601,190,0,Dairy313
Dairy 314,BRD,TX,Farm1,calf,1/1/22,101.1,3697683.68,3.064096426,1159.034666,1,2.826074803,670,0,3.783360044,6072.395415,1,2.278753601,190,0,Dairy314
Dairy 315,Healthy,TX,Farm1,calf,1/1/22,101.6,273132440.1,4.987930241,97259.09878,1,2.826074803,670,0,2.230448921,170,0,4.053976754,11323.39752,1,Dairy315
Dairy261,Healthy,TX,Farm1,calf,1/1/22,102.7,364984.13,4.915345023,82289.61351,1,2.826074803,670,0,2.230448921,170,0,2.278753601,190,0,Dairy261
Dairy262,BRD,TX,Farm1,calf,1/1/22,102.7,32633739.58,7.637160927,43367154.48,1,2.826074803,670,0,2.230448921,170,0,2.278753601,190,0,Dairy262
Dairy263,Healthy,TX,Farm1,calf,1/1/22,101.8,1329423.04,4.35272807,22528.28178,1,2.826074803,670,0,3.82966071,6755.549952,1,4.36623291,23239.82801,1,Dairy263
Dairy264,BRD,TX,Farm1,calf,1/1/22,102.8,90585267.2,6.276436997,1889892.045,1,2.826074803,670,0,4.203811193,15988.62781,1,5.06461601,116042.215,1,Dairy264
Dairy265,Healthy,TX,Farm1,calf,1/1/22,103,13764700.68,5.881943622,761980.0869,1,2.826074803,670,0,4.186709528,15371.26212,1,4.629017618,42561.5679,1,Dairy265
Dairy266,Healthy,TX,Farm1,calf,1/1/22,102.1,2330855154,6.969186332,9315074.479,1,2.826074803,670,0,4.48538265,30576.13944,1,5.074791661,118793.2217,1,Dairy266
Dairy267,BRD,TX,Farm1,calf,1/1/22,104.9,9492829.62,4.797586882,62746.12096,1,2.826074803,670,0,4.21787157,16514.73349,1,6.209938269,1621579.59,1,Dairy267
Dairy268,Healthy,TX,Farm1,calf,1/1/22,101.9,2740303.3,4.852788763,71250.63891,1,2.826074803,670,0,4.242707953,17486.70377,1,4.960973121,91405.66678,1,Dairy268
Dairy269,Healthy,TX,Farm1,calf,1/1/22,101.7,901424.82,3.77449804,5949.740714,1,2.826074803,670,0,2.230448921,170,0,3.990709862,9788.358384,1,Dairy269
Dairy270,BRD,TX,Farm1,calf,1/1/22,102.3,8406210.85,3.92708195,8454.383625,1,2.826074803,670,0,4.810445289,64631.65683,1,4.632255053,42880.02728,1,Dairy270
Dairy271,BRD,TX,Farm1,calf,1/1/22,104.8,6980938025,2.278753601,190,0,2.826074803,670,0,4.543339944,34941.37121,1,2.278753601,190,0,Dairy271
Dairy272,Healthy,TX,Farm1,calf,1/1/22,102.6,4417345.45,2.278753601,190,0,2.826074803,670,0,2.230448921,170,0,6.438921783,2747399.299,1,Dairy272
Dairy273,BRD,TX,Farm1,calf,1/1/22,103.8,49822022.77,4.152154943,14195.63887,1,2.826074803,670,0,2.230448921,170,0,3.785745119,6105.835779,1,Dairy273
Dairy274,Healthy,TX,Farm1,calf,1/1/22,102.2,36480.63,2.278753601,190,0,2.826074803,670,0,2.230448921,170,0,2.278753601,190,0,Dairy274
Dairy275,Healthy,TX,Farm1,calf,1/1/22,102.9,231095.36,2.278753601,190,0,2.826074803,670,0,2.230448921,170,0,2.278753601,190,0,Dairy275
Dairy276,BRD,TX,Farm1,calf,1/1/22,102.5,232636300.1,3.336494337,2170.172904,1,2.826074803,670,0,2.230448921,170,0,3.68456317,4836.85613,1,Dairy276
Dairy277,BRD,TX,Farm1,calf,1/1/22,102.7,2225205507,3.19205022,1556.145567,1,2.826074803,670,0,2.230448921,170,0,2.278753601,190,0,Dairy277
Dairy278,Healthy,TX,Farm1,calf,1/1/22,102.2,55268225.83,3.32720906,2124.266794,1,3.492861506,3110.72419,1,2.230448921,170,0,2.278753601,190,0,Dairy278
Dairy279,Healthy,TX,Farm1,calf,1/1/22,103.2,41520921.17,3.399707408,2510.194701,1,2.826074803,670,0,2.230448921,170,0,2.278753601,190,0,Dairy279
Dairy280,BRD,TX,Farm1,calf,1/1/22,103.8,24797248.68,4.168856718,14752.19749,1,2.826074803,670,0,2.230448921,170,0,2.278753601,190,0,Dairy280
Dairy281,Healthy,TX,Farm1,calf,1/1/22,102.1,7787709.15,2.278753601,190,0,2.826074803,670,0,2.230448921,170,0,2.278753601,190,0,Dairy281
Dairy282,BRD,TX,Farm1,calf,1/1/22,103,16626636.27,3.166109085,1465.916,1,2.826074803,670,0,2.230448921,170,0,2.278753601,190,0,Dairy282
Dairy283,BRD,TX,Farm1,calf,1/1/22,103,688406967.7,3.26657111,1847.443267,1,2.826074803,670,0,2.230448921,170,0,2.278753601,190,0,Dairy283
Dairy284,Healthy,TX,Farm1,calf,1/1/22,102.2,149815139.7,3.154523776,1427.327969,1,2.826074803,670,0,2.230448921,170,0,2.278753601,190,0,Dairy284
Dairy 317,Healthy,CA,Farm2,calf,07/14-15/2022,104.8,40085857.12,5.82361878,666221.7081,1,2.826074803,670,0,2.230448921,170,0,2.278753601,190,0,Dairy317
Dairy 318,Healthy,CA,Farm2,calf,07/14-15/2022,102.1,28692176.66,2.278753601,190,0,2.826074803,670,0,2.230448921,170,0,3.142511878,1388.391282,1,Dairy318
Dairy 320,Healthy,CA,Farm2,calf,07/14-15/2022,102.3,36452185.67,2.278753601,190,0,2.826074803,670,0,2.230448921,170,0,2.278753601,190,0,Dairy320
Dairy 321,Healthy,CA,Farm2,calf,07/14-15/2022,102.2,1768482158,3.183889996,1527.179185,1,2.826074803,670,0,2.230448921,170,0,2.278753601,190,0,Dairy321
Dairy 322,Healthy,CA,Farm2,calf,07/14-15/2022,101.7,100649804.7,4.931406536,85389.90603,1,2.826074803,670,0,2.230448921,170,0,2.278753601,190,0,Dairy322
Dairy 323,Healthy,CA,Farm2,calf,07/14-15/2022,103,96534386.67,2.278753601,190,0,2.826074803,670,0,2.230448921,170,0,6.993832631,9858994.641,1,Dairy323
Dairy 324,Healthy,CA,Farm2,calf,07/14-15/2022,102.1,61129340.84,5.424319183,265655.7272,1,2.826074803,670,0,2.230448921,170,0,2.278753601,190,0,Dairy324
Dairy 325,Healthy,CA,Farm2,calf,07/14-15/2022,102.4,67080263.87,4.283471525,19207.53022,1,2.826074803,670,0,4.015295037,10358.45627,1,2.278753601,190,0,Dairy325
Dairy 326,Healthy,CA,Farm2,calf,07/14-15/2022,101.7,66021510.97,4.367593582,23312.75404,1,2.826074803,670,0,2.230448921,170,0,3.314782071,2064.344008,1,Dairy326
Dairy 327,Healthy,CA,Farm2,calf,07/14-15/2022,101.7,433332908.1,2.278753601,190,0,2.826074803,670,0,2.230448921,170,0,3.130462598,1350.400525,1,Dairy327
Dairy 328,Healthy,CA,Farm2,calf,07/14-15/2022,102.7,520435515.5,3.524099099,3342.713068,1,2.826074803,670,0,2.230448921,170,0,2.278753601,190,0,Dairy328
Dairy 329,Healthy,CA,Farm2,calf,07/14-15/2022,103.2,988946487.3,5.455021117,285115.69,1,2.826074803,670,0,2.230448921,170,0,7.976931178,94826818.03,1,Dairy329
Dairy 330,Healthy,CA,Farm2,calf,07/14-15/2022,101.5,198233852.9,3.059898478,1147.885256,1,2.826074803,670,0,2.230448921,170,0,2.278753601,190,0,Dairy330
Dairy 331,Healthy,CA,Farm2,calf,07/14-15/2022,105.1,645695102.4,5.833301774,681242.5633,1,2.826074803,670,0,2.230448921,170,0,2.278753601,190,0,Dairy331
Dairy 332,Healthy,CA,Farm2,calf,07/14-15/2022,101.4,742628005.9,3.023029832,1054.459327,1,2.826074803,670,0,2.230448921,170,0,2.278753601,190,0,Dairy332
Dairy 333,Healthy,CA,Farm2,calf,07/14-15/2022,102.3,51461981.47,4.214457657,16385.42299,1,2.826074803,670,0,2.230448921,170,0,3.817549278,6569.75657,1,Dairy333
Dairy 334,Healthy,CA,Farm2,calf,07/14-15/2022,102.1,1968376377,4.564079491,36650.46517,1,2.826074803,670,0,2.230448921,170,0,8.741276476,551158457.8,1,Dairy334
Dairy 335,Healthy,CA,Farm2,calf,07/14-15/2022,102.9,1284293255,3.22838947,1691.957579,1,2.826074803,670,0,2.230448921,170,0,8.188325039,154285474.1,1,Dairy335
Dairy 336,Healthy,CA,Farm2,calf,07/14-15/2022,102.2,575102443.1,3.030629026,1073.072403,1,2.826074803,670,0,2.230448921,170,0,2.278753601,190,0,Dairy336
Dairy 337,Healthy,CA,Farm2,calf,07/14-15/2022,103,183084301.2,5.299447237,199272.4392,1,2.826074803,670,0,2.230448921,170,0,4.384757655,24252.56378,1,Dairy337
Dairy 338,Healthy,CA,Farm2,calf,07/14-15/2022,102.8,97968476.05,6.216177258,1645043.015,1,2.826074803,670,0,2.230448921,170,0,3.756518115,5708.448868,1,Dairy338
Dairy 340,Healthy,CA,Farm2,calf,07/14-15/2022,102.5,803943132.5,3.029633031,1070.614279,1,6.548907682,3539221,1,2.230448921,170,0,8.279478039,190317199.6,1,Dairy340
Dairy 341,Healthy,CA,Farm2,calf,07/14-15/2022,102,18779794.78,3.119690297,1317.317,1,2.826074803,670,0,2.230448921,170,0,4.366241362,23240.28031,1,Dairy341
Dairy 342,Healthy,CA,Farm2,calf,07/14-15/2022,101.9,808277383.2,5.918317647,828547.9505,1,2.826074803,670,0,2.230448921,170,0,2.278753601,190,0,Dairy342
Dairy 343,Healthy,CA,Farm2,calf,07/14-15/2022,101.9,260804089.6,2.950231443,891.7260287,1,2.826074803,670,0,2.230448921,170,0,4.830760312,67726.76189,1,Dairy343
Dairy 344,Healthy,CA,Farm2,calf,07/14-15/2022,102.6,433388929.4,2.891443306,778.8311363,1,2.826074803,670,0,6.446340999,2794737.352,1,8.453280987,283975574.4,1,Dairy344
Dairy 345,Healthy,CA,Farm2,calf,07/14-15/2022,102.2,641261923.3,4.97907721,95296.55691,1,2.826074803,670,0,4.995010393,98857.67525,1,3.812982038,6501.028014,1,Dairy345
Dairy 346,Healthy,CA,Farm2,calf,07/14-15/2022,102.2,409388298.6,2.278753601,190,0,2.826074803,670,0,2.230448921,170,0,2.278753601,190,0,Dairy346
Dairy 347,Healthy,CA,Farm2,calf,07/14-15/2022,102.3,34216442.68,2.967448778,927.7880578,1,2.826074803,670,0,2.230448921,170,0,2.278753601,190,0,Dairy347
Dairy 348,Healthy,CA,Farm2,calf,07/14-15/2022,102.7,3787337077,3.059775,1147.558937,1,2.826074803,670,0,2.230448921,170,0,3.128036273,1342.877115,1,Dairy348
Dairy 349,Healthy,CA,Farm2,calf,07/14-15/2022,103.8,652393175.7,3.487514848,3072.662417,1,2.826074803,670,0,2.230448921,170,0,7.799265518,62989116.63,1,Dairy349
Dairy 351,Healthy,CA,Farm2,calf,07/14-15/2022,102.2,339570249.2,2.278753601,190,0,2.826074803,670,0,2.230448921,170,0,5.263131206,183286.8073,1,Dairy351
Dairy 352,Healthy,CA,Farm2,calf,07/14-15/2022,102.7,5205039881,5.660350978,457457.7379,1,2.826074803,670,0,6.947436866,8860064.143,1,8.604612929,402358267.3,1,Dairy352
Dairy 355,Healthy,CA,Farm2,calf,07/14-15/2022,101.8,199997264.6,3.169411438,1477.105236,1,2.826074803,670,0,2.230448921,170,0,7.150969127,14156931.37,1,Dairy355
Dairy 356,Healthy,CA,Farm2,calf,07/14-15/2022,101.9,128040305.7,3.027493798,1065.353651,1,2.826074803,670,0,2.230448921,170,0,2.278753601,190,0,Dairy356
Dairy 357,Healthy,CA,Farm2,calf,07/14-15/2022,101.7,995815969.8,5.968855999,930799.1949,1,2.826074803,670,0,2.230448921,170,0,4.009011099,10209.65576,1,Dairy357
Dairy 358,Healthy,CA,Farm2,calf,07/14-15/2022,102.2,380132264.9,4.857732247,72066.30355,1,2.826074803,670,0,2.230448921,170,0,4.302436435,20064.87393,1,Dairy358
Dairy 359,Healthy,CA,Farm2,calf,07/14-15/2022,100.9,50149516.65,4.949639147,89051.07108,1,2.826074803,670,0,2.230448921,170,0,2.278753601,190,0,Dairy359
Dairy 360,Healthy,CA,Farm2,calf,07/14-15/2022,101.4,175862209.2,3.073465104,1184.309203,1,2.826074803,670,0,2.230448921,170,0,3.360810264,2295.145721,1,Dairy360
Dairy 361,Healthy,CA,Farm2,calf,07/14-15/2022,102,463570905.3,2.898677268,791.9126276,1,2.826074803,670,0,3.289264121,1946.543533,1,8.336701539,217120854.1,1,Dairy361
Dairy 362,Healthy,CA,Farm2,calf,07/14-15/2022,102.8,285561307.9,5.725619002,531641.6556,1,2.826074803,670,0,6.008714217,1020267.886,1,3.233445982,1711.77225,1,Dairy362
Dairy 363,Healthy,CA,Farm2,calf,07/14-15/2022,101.2,206196761.5,5.989711365,976587.9591,1,2.826074803,670,0,2.230448921,170,0,2.278753601,190,0,Dairy363
Dairy 364,Healthy,CA,Farm2,calf,07/14-15/2022,102.8,705562142,5.574132075,375087.0545,1,2.826074803,670,0,6.419960621,2630029.51,1,3.399159257,2507.028419,1,Dairy364
Dairy 365,Healthy,CA,Farm2,calf,07/14-15/2022,102.3,94752984.77,3.093956445,1241.527788,1,2.826074803,670,0,2.230448921,170,0,2.278753601,190,0,Dairy365
Dairy 366,Healthy,CA,Farm2,calf,07/14-15/2022,102.3,66200848.46,4.722603661,52796.321,1,2.826074803,670,0,4.276754344,18912.73531,1,5.484533384,305164.0595,1,Dairy366
Dairy 367,Healthy,CA,Farm2,calf,07/14-15/2022,101.8,235633969.7,4.356816106,22741.34288,1,2.826074803,670,0,6.049824654,1121565.531,1,2.278753601,190,0,Dairy367
Dairy 368,BRD,CA,Farm2,calf,07/14-15/2022,101.2,607148424.2,2.278753601,190,0,2.826074803,670,0,2.230448921,170,0,3.161309008,1449.803046,1,Dairy368
Dairy 369,BRD,CA,Farm2,calf,07/14-15/2022,101.2,4106046697,3.048752791,1118.80086,1,2.826074803,670,0,2.230448921,170,0,8.199253873,158217265,1,Dairy369
Dairy 370,BRD,CA,Farm2,calf,07/14-15/2022,101.2,571719904.9,2.278753601,190,0,2.826074803,670,0,2.230448921,170,0,3.693285539,4934.981613,1,Dairy370
Dairy 372,BRD,CA,Farm2,calf,07/14-15/2022,100.8,1421843621,3.325440876,2115.635645,1,2.826074803,670,0,5.87963399,757938.5384,1,2.278753601,190,0,Dairy372
Dairy 373,BRD,CA,Farm2,calf,07/14-15/2022,101.2,84513906.38,5.082341421,120876.3733,1,2.826074803,670,0,4.82287418,66508.04473,1,2.278753601,190,0,Dairy373
Dairy 374,BRD,CA,Farm2,calf,07/14-15/2022,102.9,1172828996,3.259403862,1817.204745,1,2.826074803,670,0,5.365088536,231786.7128,1,7.722416911,52773623.15,1,Dairy374
Dairy 375,BRD,CA,Farm2,calf,07/14-15/2022,101.6,818654622.3,3.901646751,7973.458727,1,2.826074803,670,0,2.230448921,170,0,8.032877692,107864290.6,1,Dairy375
Dairy 376,BRD,CA,Farm2,calf,07/14-15/2022,101.8,855819393.9,3.967789603,9285.164517,1,2.826074803,670,0,3.30710359,2028.166428,1,2.278753601,190,0,Dairy376
Dairy 377,BRD,CA,Farm2,calf,07/14-15/2022,102.2,931419897.9,5.914139281,820614.6776,1,2.826074803,670,0,2.230448921,170,0,4.687560194,48703.50241,1,Dairy377
Dairy 378,BRD,CA,Farm2,calf,07/14-15/2022,101.5,21146367.32,2.861196249,726.4341437,1,2.826074803,670,0,2.230448921,170,0,2.278753601,190,0,Dairy378
Dairy 379,BRD,CA,Farm2,calf,07/14-15/2022,102.2,528541017.8,3.02659771,1063.157751,1,5.591551634,390437.5999,1,6.032052355,1076594.991,1,7.935480611,86194709.56,1,Dairy379
Dairy 381,BRD,CA,Farm2,calf,07/14-15/2022,102.2,112475678.7,3.097239654,1250.949143,1,2.826074803,670,0,2.230448921,170,0,8.128752055,134509220.3,1,Dairy381
Dairy 382,BRD,CA,Farm2,calf,07/14-15/2022,105,204192260.5,3.902608423,7991.134189,1,2.826074803,670,0,4.665278403,46267.75245,1,3.413530906,2591.378825,1,Dairy382
Dairy 383,Healthy,CA,Farm2,calf,07/14-15/2022,102.1,1651673367,3.002729541,1006.304792,1,2.826074803,670,0,7.275231404,18846530.16,1,8.365337489,231919619,1,Dairy383
Dairy 384,BRD,CA,Farm2,calf,07/14-15/2022,102.2,251584805.5,3.401793662,2522.282123,1,2.826074803,670,0,4.63258605,42912.72067,1,7.321397492,20960299.88,1,Dairy384
Dairy 385,BRD,CA,Farm2,calf,07/14-15/2022,102.4,294729674.9,4.281058115,19101.08842,1,2.826074803,670,0,6.043824349,1106176.298,1,2.278753601,190,0,Dairy385
Dairy 386,BRD,CA,Farm2,calf,07/14-15/2022,104.3,404678856.5,3.083672454,1212.474053,1,2.826074803,670,0,2.230448921,170,0,2.278753601,190,0,Dairy386
Dairy 387,BRD,CA,Farm2,calf,07/14-15/2022,102.1,204853367.8,2.986183226,968.6864527,1,2.826074803,670,0,3.610104883,4074.786732,1,3.82485259,6681.171037,1,Dairy387
Dairy 388,BRD,CA,Farm2,calf,07/14-15/2022,101.3,1893218014,3.897846968,7904.000661,1,2.826074803,670,0,2.230448921,170,0,8.370759864,234833399,1,Dairy388
Dairy 389,BRD,CA,Farm2,calf,07/14-15/2022,102.2,744694728.5,3.508375129,3223.852246,1,2.826074803,670,0,2.230448921,170,0,2.278753601,190,0,Dairy389
Dairy 390,BRD,CA,Farm2,calf,07/14-15/2022,101.7,1005690285,5.294964335,197226.0766,1,2.826074803,670,0,4.243637465,17524.17031,1,2.278753601,190,0,Dairy390
Dairy 391,BRD,CA,Farm2,calf,07/14-15/2022,102.5,3461882532,2.998324158,996.1486658,1,2.826074803,670,0,6.420508113,2633347.138,1,8.242345274,174721067.3,1,Dairy391
Dairy 392,BRD,CA,Farm2,calf,07/14-15/2022,102,9377508174,2.278753601,190,0,2.826074803,670,0,6.30198624,2004408.521,1,2.278753601,190,0,Dairy392
Dairy 393,BRD,CA,Farm2,calf,07/14-15/2022,102.3,699838680.9,5.635982236,432496.14,1,3.266100162,1845.440986,1,7.339040577,21829338.56,1,4.066989447,11667.81264,1,Dairy393
Dairy 394,BRD,CA,Farm2,calf,07/14-15/2022,102.1,297047243.3,3.549723529,3545.875874,1,2.826074803,670,0,5.873723785,747693.81,1,2.278753601,190,0,Dairy394
Dairy 395,BRD,CA,Farm2,calf,07/14-15/2022,101.7,306532323.4,3.550400851,3551.41031,1,2.826074803,670,0,3.496047106,3133.625599,1,3.499737305,3160.365445,1,Dairy395
Dairy 396,BRD,CA,Farm2,calf,07/14-15/2022,102.2,104603108.6,3.11505446,1303.330204,1,3.228517415,1692.456111,1,3.801292543,6328.379903,1,2.278753601,190,0,Dairy396
Dairy 398,BRD,CA,Farm2,calf,07/14-15/2022,103,383055528.3,3.206747463,1609.709337,1,2.826074803,670,0,2.230448921,170,0,7.745756589,55687354.76,1,Dairy398
Dairy 399,BRD,CA,Farm2,calf,07/14-15/2022,101.7,2717352411,3.977531781,9495.804847,1,2.826074803,670,0,5.86150845,726956.5439,1,3.273750822,1878.238859,1,Dairy399
Dairy 401,BRD,CA,Farm2,calf,07/14-15/2022,102.2,58716309.65,3.105921897,1276.209277,1,2.826074803,670,0,2.230448921,170,0,3.414296284,2595.949762,1,Dairy401
Dairy 402,BRD,CA,Farm2,calf,07/14-15/2022,101.9,229992605.7,5.361108568,229672.273,1,2.826074803,670,0,5.998443469,996422.3705,1,2.278753601,190,0,Dairy402
Dairy 403,BRD,CA,Farm2,calf,07/14-15/2022,101.8,158692862.4,3.150879277,1415.400278,1,2.826074803,670,0,2.230448921,170,0,7.781992911,60533099.39,1,Dairy403
Dairy 404,BRD,CA,Farm2,calf,07/14-15/2022,101.7,704933645.7,3.990185233,9776.54116,1,2.826074803,670,0,2.230448921,170,0,4.322984799,21037.04807,1,Dairy404
Dairy 405,BRD,CA,Farm2,calf,07/14-15/2022,97.8,150633816.3,2.278753601,190,0,2.826074803,670,0,4.146873865,14024.06335,1,3.262456379,1830.02229,1,Dairy405
Dairy 406,BRD,CA,Farm2,calf,07/14-15/2022,102.1,1024778470,2.952068193,895.5053669,1,2.826074803,670,0,2.230448921,170,0,7.852506966,71204422.14,1,Dairy406
Dairy 407,BRD,CA,Farm2,calf,07/14-15/2022,102.7,44017143.84,3.05491644,1134.792455,1,2.826074803,670,0,3.380938082,2404.020033,1,4.261206943,18247.65004,1,Dairy407
Dairy 408,BRD,CA,Farm2,calf,07/14-15/2022,102.6,140199792.4,2.278753601,190,0,2.826074803,670,0,2.230448921,170,0,3.357076533,2275.49839,1,Dairy408
Dairy 409,BRD,CA,Farm2,calf,07/14-15/2022,101.9,278113743.7,2.906192643,805.7357685,1,2.826074803,670,0,3.086797096,1221.228965,1,3.865632979,7338.933948,1,Dairy409
Dairy 410,BRD,CA,Farm2,calf,07/14-15/2022,101.5,448163026.3,2.278753601,190,0,2.826074803,670,0,2.230448921,170,0,2.278753601,190,0,Dairy410
Dairy 411,BRD,CA,Farm2,calf,07/14-15/2022,102.7,184346139.8,2.278753601,190,0,2.826074803,670,0,2.230448921,170,0,4.063259001,11568.0192,1,Dairy411
Dairy 412,BRD,CA,Farm2,calf,07/14-15/2022,101.9,147628028.5,5.110133917,128864.6852,1,2.826074803,670,0,2.230448921,170,0,5.065333647,116234.1239,1,Dairy412
Dairy 413,BRD,CA,Farm2,calf,07/14-15/2022,102.4,1506162233,6.823546163,6661103.216,1,2.826074803,670,0,7.283338402,19201643.49,1,3.898393334,7913.950577,1,Dairy413
Dairy 414,BRD,CA,Farm2,calf,07/14-15/2022,103.8,88287227.16,3.242322373,1747.118544,1,2.826074803,670,0,4.502809856,31828.03712,1,2.278753601,190,0,Dairy414
Dairy 415,BRD,CA,Farm2,calf,07/14-15/2022,102.6,794110027.7,4.629701973,42628.68862,1,2.826074803,670,0,5.38312009,241612.8844,1,4.382908618,24149.52637,1,Dairy415
Dairy 416,BRD,CA,Farm2,calf,07/14-15/2022,100.6,387579539.2,5.414734173,259856.8522,1,2.826074803,670,0,2.230448921,170,0,2.278753601,190,0,Dairy416
Dairy 417,BRD,CA,Farm2,calf,07/14-15/2022,101.6,629879924.7,2.278753601,190,0,2.826074803,670,0,3.903801101,8013.109939,1,3.551966012,3564.232386,1,Dairy417
Dairy 418,BRD,CA,Farm2,calf,07/14-15/2022,102.8,650785507.2,4.007691734,10178.68639,1,2.826074803,670,0,4.100989116,12617.95911,1,3.751946112,5648.668813,1,Dairy418
Dairy 419,BRD,CA,Farm2,calf,07/14-15/2022,103.3,577101454.7,2.278753601,190,0,2.826074803,670,0,3.809592542,6450.487557,1,6.789176614,6154270.965,1,Dairy419
Dairy 420,BRD,CA,Farm2,calf,07/14-15/2022,102.6,82129171.71,2.278753601,190,0,2.826074803,670,0,3.406056264,2547.16022,1,2.278753601,190,0,Dairy420
Dairy 421,BRD,CA,Farm2,calf,07/14-15/2022,102.9,1480234431,2.278753601,190,0,2.826074803,670,0,2.230448921,170,0,2.278753601,190,0,Dairy421
Dairy 101,Healthy,NY,Farm3,calf,05/18-19/2021,102.8,21645439.16,2.278753601,190,0,2.826074803,670,0,2.230448921,170,0,2.278753601,190,0,Dairy101
Dairy 102,Healthy,NY,Farm3,calf,05/18-19/2021,101.8,124136878.3,3.150932261,1415.572969,1,2.826074803,670,0,2.230448921,170,0,2.278753601,190,0,Dairy102
Dairy 103,Healthy,NY,Farm3,calf,05/18-19/2021,102.6,156688506.4,6.299305331,1992073.377,1,4.167942394,14721.17223,1,4.936495774,86396.42537,1,4.168164236,14728.69389,1,Dairy103
Dairy 104,Healthy,NY,Farm3,calf,05/18-19/2021,102.6,28129835.9,2.278753601,190,0,2.826074803,670,0,2.230448921,170,0,2.278753601,190,0,Dairy104
Dairy 105,Healthy,NY,Farm3,calf,05/18-19/2021,102.4,1015583220,4.338434091,21798.87552,1,5.477279448,300109.2961,1,5.212725075,163201.8491,1,5.458115769,287154.5941,1,Dairy105
Dairy 106,Healthy,NY,Farm3,calf,05/18-19/2021,,42476432.24,3.414302897,2595.989294,1,2.826074803,670,0,2.230448921,170,0,6.145835178,1399056.257,1,Dairy106
Dairy 107,Healthy,NY,Farm3,calf,05/18-19/2021,102.5,7858701.34,2.278753601,190,0,2.826074803,670,0,2.230448921,170,0,2.278753601,190,0,Dairy107
Dairy 108,Healthy,NY,Farm3,calf,05/18-19/2021,,186680437.5,3.585596778,3851.206257,1,3.324874227,2112.877054,1,2.230448921,170,0,2.278753601,190,0,Dairy108
Dairy 109,Healthy,NY,Farm3,calf,05/18-19/2021,101.7,22531665.14,2.278753601,190,0,2.826074803,670,0,2.230448921,170,0,2.278753601,190,0,Dairy109
Dairy 110,Healthy,NY,Farm3,calf,05/18-19/2021,102,3949852.89,2.278753601,190,0,2.826074803,670,0,2.230448921,170,0,2.278753601,190,0,Dairy110
Dairy 111,Healthy,NY,Farm3,calf,05/18-19/2021,102,4955342.6,5.70014926,501359.5127,1,2.826074803,670,0,4.497952432,31474.03559,1,4.786147343,61114.93345,1,Dairy111
Dairy 112,Healthy,NY,Farm3,calf,05/18-19/2021,102.2,346335140.1,3.996282677,9914.770762,1,2.826074803,670,0,2.230448921,170,0,2.278753601,190,0,Dairy112
Dairy 113,Healthy,NY,Farm3,calf,05/18-19/2021,102.7,54157152.09,3.173865504,1492.332179,1,2.826074803,670,0,2.230448921,170,0,4.45746218,28672.27677,1,Dairy113
Dairy 114,Healthy,NY,Farm3,calf,05/18-19/2021,,262191179.5,4.687546762,48701.99613,1,2.826074803,670,0,2.230448921,170,0,5.004228426,100978.3864,1,Dairy114
Dairy 115,Healthy,NY,Farm3,calf,05/18-19/2021,,5656052.11,2.278753601,190,0,2.826074803,670,0,2.230448921,170,0,2.278753601,190,0,Dairy115
Dairy 116,Healthy,NY,Farm3,calf,05/18-19/2021,,28985174.14,5.312830382,205508.7805,1,2.826074803,670,0,2.230448921,170,0,2.278753601,190,0,Dairy116
Dairy 117,Healthy,NY,Farm3,calf,05/18-19/2021,102.1,261134677.9,3.379836882,2397.932104,1,2.826074803,670,0,3.226442724,1684.390271,1,2.278753601,190,0,Dairy117
Dairy 118,Healthy,NY,Farm3,calf,05/18-19/2021,102.8,5422915.4,6.656128689,4530318.012,1,2.826074803,670,0,4.490154375,30913.9411,1,5.703489799,505230.7773,1,Dairy118
Dairy 119,Healthy,NY,Farm3,calf,05/18-19/2021,101.4,173588606.7,2.278753601,190,0,2.826074803,670,0,2.230448921,170,0,2.278753601,190,0,Dairy119
Dairy 120,Healthy,NY,Farm3,calf,05/18-19/2021,,665649732.2,6.476851648,2998138.202,1,2.826074803,670,0,6.028017833,1066639.92,1,5.834109495,682510.7474,1,Dairy120
Dairy 121,Healthy,NY,Farm3,calf,05/18-19/2021,102.5,7250335.81,3.689164791,4888.378118,1,2.826074803,670,0,4.496493132,31368.45527,1,4.992920591,98383.11991,1,Dairy121
Dairy 122,Healthy,NY,Farm3,calf,05/18-19/2021,101.9,19733510.09,3.263808094,1835.726995,1,2.826074803,670,0,2.230448921,170,0,2.278753601,190,0,Dairy122
Dairy 123,Healthy,NY,Farm3,calf,05/18-19/2021,,5582051.03,3.260166627,1820.399164,1,2.826074803,670,0,2.230448921,170,0,2.278753601,190,0,Dairy123
Dairy 124,Healthy,NY,Farm3,calf,05/18-19/2021,,5264293.41,3.653720426,4505.265877,1,2.826074803,670,0,2.230448921,170,0,2.278753601,190,0,Dairy124
Dairy 125,Healthy,NY,Farm3,calf,05/18-19/2021,102.7,186135772.7,3.08700594,1221.816371,1,2.826074803,670,0,2.230448921,170,0,2.278753601,190,0,Dairy125
Dairy 126,Healthy,NY,Farm3,calf,05/18-19/2021,,1775892.21,2.278753601,190,0,2.826074803,670,0,2.230448921,170,0,2.278753601,190,0,Dairy126
Dairy 127,Healthy,NY,Farm3,calf,05/18-19/2021,104,34825224.04,3.672230249,4701.432969,1,2.826074803,670,0,5.740213885,549811.5824,1,5.545773005,351376.7365,1,Dairy127
Dairy 128,Healthy,NY,Farm3,calf,05/18-19/2021,102.3,395922147.5,3.291792881,1957.910706,1,2.826074803,670,0,5.823276288,665696.5216,1,3.620837786,4176.743314,1,Dairy128
Dairy 129,Healthy,NY,Farm3,calf,05/18-19/2021,,1257823960,4.314586148,20634.12934,1,2.826074803,670,0,2.230448921,170,0,3.254903541,1798.471419,1,Dairy129
Dairy 130,Healthy,NY,Farm3,calf,05/18-19/2021,102.3,541761222.3,3.185358723,1532.352647,1,2.826074803,670,0,2.230448921,170,0,4.419379602,26265.13285,1,Dairy130
Dairy 131,Healthy,NY,Farm3,calf,05/18-19/2021,,69559416.79,2.278753601,190,0,2.826074803,670,0,2.230448921,170,0,2.278753601,190,0,Dairy131
Dairy 132,Healthy,NY,Farm3,calf,05/18-19/2021,102.3,127210145.1,5.733071731,540843.6446,1,2.826074803,670,0,3.564025491,3664.590832,1,2.278753601,190,0,Dairy132
Dairy 133,Healthy,NY,Farm3,calf,05/18-19/2021,102.7,52365639.64,5.409654347,256835.0828,1,4.932630377,85630.874,1,3.291127425,1954.912958,1,5.435836733,272795.2057,1,Dairy133
Dairy 134,Healthy,NY,Farm3,calf,05/18-19/2021,102.3,199813097.8,6.968528365,9300972.604,1,2.826074803,670,0,2.230448921,170,0,4.055387205,11360.23211,1,Dairy134
Dairy 135,Healthy,NY,Farm3,calf,05/18-19/2021,102.4,13054970.01,4.533194893,34134.60587,1,2.826074803,670,0,5.321044209,209432.5634,1,4.322980982,21036.86318,1,Dairy135
Dairy 136,BRD,NY,Farm3,calf,05/18-19/2021,102.5,9127515.38,2.278753601,190,0,2.826074803,670,0,2.230448921,170,0,2.278753601,190,0,Dairy136
Dairy 137,BRD,NY,Farm3,calf,05/18-19/2021,102.7,63912357.39,3.298964275,1990.509594,1,2.826074803,670,0,2.230448921,170,0,6.323756012,2107443.849,1,Dairy137
Dairy 138,BRD,NY,Farm3,calf,05/18-19/2021,102.3,6479376.9,2.278753601,190,0,2.826074803,670,0,2.230448921,170,0,2.278753601,190,0,Dairy138
Dairy 139,BRD,NY,Farm3,calf,05/18-19/2021,102.6,81934663.94,6.431550837,2701163.276,1,3.287118934,1936.952337,1,2.230448921,170,0,4.980311552,95567.79197,1,Dairy139
Dairy 140,BRD,NY,Farm3,calf,05/18-19/2021,103.1,238020715.5,3.154674516,1427.82347,1,2.826074803,670,0,2.230448921,170,0,6.24470256,1756720.058,1,Dairy140
Dairy 141,BRD,NY,Farm3,calf,05/18-19/2021,102.3,7043919.49,3.315271853,2066.673416,1,2.826074803,670,0,2.230448921,170,0,2.278753601,190,0,Dairy141
Dairy 142,BRD,NY,Farm3,calf,05/18-19/2021,103.1,1270718.12,4.813442661,65079.26824,1,2.826074803,670,0,3.218112968,1652.391559,1,4.236608935,17242.84542,1,Dairy142
Dairy 143,BRD,NY,Farm3,calf,05/18-19/2021,103,557091.57,3.3124848,2053.453155,1,2.826074803,670,0,2.230448921,170,0,2.278753601,190,0,Dairy143
Dairy 144,BRD,NY,Farm3,calf,05/18-19/2021,102,6996392.11,3.177663266,1505.439359,1,2.826074803,670,0,2.230448921,170,0,2.278753601,190,0,Dairy144
Dairy 145,BRD,NY,Farm3,calf,05/18-19/2021,102.2,1955771.77,2.278753601,190,0,2.826074803,670,0,2.230448921,170,0,2.278753601,190,0,Dairy145
Dairy 146,BRD,NY,Farm3,calf,05/18-19/2021,102.2,7081728.29,3.130451719,1350.366697,1,2.826074803,670,0,2.230448921,170,0,2.278753601,190,0,Dairy146
Dairy 147,BRD,NY,Farm3,calf,05/18-19/2021,102.5,2844292.44,3.375186166,2372.390446,1,2.826074803,670,0,2.230448921,170,0,4.410984287,25762.27946,1,Dairy147
Dairy 148,BRD,NY,Farm3,calf,05/18-19/2021,103.5,15050549.22,3.365137262,2318.127195,1,2.826074803,670,0,2.230448921,170,0,4.482372458,30364.94218,1,Dairy148
Dairy 149,BRD,NY,Farm3,calf,05/18-19/2021,103,733662.87,2.278753601,190,0,2.826074803,670,0,2.230448921,170,0,2.278753601,190,0,Dairy149
Dairy 150,BRD,NY,Farm3,calf,05/18-19/2021,103,5541135.03,4.159136617,14425.69072,1,2.826074803,670,0,2.230448921,170,0,2.278753601,190,0,Dairy150
Dairy 151,BRD,NY,Farm3,calf,05/18-19/2021,101.7,4932975.01,2.278753601,190,0,2.826074803,670,0,2.230448921,170,0,2.278753601,190,0,Dairy151
Dairy 152,BRD,NY,Farm3,calf,05/18-19/2021,103,516163.27,2.278753601,190,0,2.826074803,670,0,2.230448921,170,0,2.278753601,190,0,Dairy152
Dairy 153,BRD,NY,Farm3,calf,05/18-19/2021,105.8,3385967.56,7.059351721,11464410.31,1,5.105694442,127554.1057,1,4.340684678,21912.13416,1,5.399373875,250826.764,1,Dairy153
Dairy 154,BRD,NY,Farm3,calf,05/18-19/2021,105.3,577272.94,5.781082018,604062.6976,1,2.826074803,670,0,2.230448921,170,0,5.701037706,502386.205,1,Dairy154
Dairy 155,BRD,NY,Farm3,calf,05/18-19/2021,102,3430688.56,2.278753601,190,0,2.826074803,670,0,2.230448921,170,0,2.278753601,190,0,Dairy155
Dairy 156,BRD,NY,Farm3,calf,05/18-19/2021,102.4,5918502.89,6.110703486,1290337.995,1,2.826074803,670,0,4.672396992,47032.38384,1,5.866432488,735245.6913,1,Dairy156
Dairy 157,BRD,NY,Farm3,calf,05/18-19/2021,106,3076950.96,5.649164455,445825.0381,1,2.826074803,670,0,4.748954491,48881.62019,1,2.278753601,190,0,Dairy157
Dairy 158,BRD,NY,Farm3,calf,05/18-19/2021,106.3,2621632.59,5.975038121,944143.7475,1,2.826074803,670,0,2.230448921,170,0,3.491426709,3100.464114,1,Dairy158
Dairy 159,BRD,NY,Farm3,calf,05/18-19/2021,101.2,35033004.56,2.278753601,190,0,2.826074803,670,0,2.230448921,170,0,2.278753601,190,0,Dairy159
Dairy 160,BRD,NY,Farm3,calf,05/18-19/2021,102.1,418672.67,2.278753601,190,0,2.826074803,670,0,2.230448921,170,0,2.278753601,190,0,Dairy160
Dairy 161,BRD,NY,Farm3,calf,05/18-19/2021,102.4,11310248.62,2.278753601,190,0,3.773228076,5932.367898,1,4.715752838,51970.01455,1,3.613730783,4108.949309,1,Dairy161
Dairy 162,BRD,NY,Farm3,calf,05/18-19/2021,102.8,1087169.19,3.133498253,1359.872693,1,2.826074803,670,0,2.230448921,170,0,2.278753601,190,0,Dairy162
Dairy 163,BRD,NY,Farm3,calf,05/18-19/2021,102.6,4845816.02,3.315019901,2065.4748,1,2.826074803,670,0,2.230448921,170,0,2.278753601,190,0,Dairy163
Dairy 164,BRD,NY,Farm3,calf,05/18-19/2021,104.9,2234875.77,6.315473079,2067631.211,1,2.826074803,670,0,4.138757434,13764.40474,1,5.876320231,752177.314,1,Dairy164
Dairy 165,BRD,NY,Farm3,calf,05/18-19/2021,101.6,1734504.78,2.278753601,190,0,2.826074803,670,0,2.230448921,170,0,2.278753601,190,0,Dairy165
Dairy 166,BRD,NY,Farm3,calf,05/18-19/2021,102,1119813.95,4.085204266,12167.58157,1,2.826074803,670,0,3.226585691,1684.944854,1,4.233995324,17139.38854,1,Dairy166
Dairy 167,BRD,NY,Farm3,calf,05/18-19/2021,,10528011.84,4.169845905,14785.83669,1,2.826074803,670,0,3.952133349,8956.397262,1,5.571359123,372699.7689,1,Dairy167
Dairy 168,BRD,NY,Farm3,calf,05/18-19/2021,101.2,1173828.1,3.217774764,1651.105271,1,5.673198088,471192.1948,1,2.230448921,170,0,6.32541825,2115525.431,1,Dairy168
Dairy 169,BRD,NY,Farm3,calf,05/18-19/2021,102,2551793.84,3.579060896,3793.681753,1,2.826074803,670,0,2.230448921,170,0,2.278753601,190,0,Dairy169
Dairy 170,BRD,NY,Farm3,calf,05/18-19/2021,104,250409.8,4.388816202,24480.2699,1,2.826074803,670,0,2.230448921,170,0,3.312997024,2055.87651,1,Dairy170
Dairy 171,Healthy,NY,Farm4,Cow,5/20/21,101.6,2948999.14,3.148589464,1407.957237,1,2.826074803,670,0,2.230448921,170,0,3.315531184,2067.907862,1,Dairy171
Dairy 172,Healthy,NY,Farm4,calf,5/20/21,101.2,6671578.79,3.403184043,2530.370074,1,2.826074803,670,0,2.230448921,170,0,2.278753601,190,0,Dairy172
Dairy 173,Healthy,NY,Farm4,calf,5/20/21,102.7,6941171.64,2.278753601,190,0,2.826074803,670,0,2.230448921,170,0,2.278753601,190,0,Dairy173
Dairy 174,Healthy,NY,Farm4,Cow,5/20/21,101.7,3562518.39,2.278753601,190,0,2.826074803,670,0,2.230448921,170,0,2.278753601,190,0,Dairy174
Dairy 177,Healthy,NY,Farm4,Cow,5/20/21,,90111.05,4.042628856,11031.35488,1,3.308230355,2033.435285,1,2.230448921,170,0,3.551061948,3556.820498,1,Dairy177
Dairy 178,Healthy,NY,Farm4,Cow,5/20/21,,84183.63,3.161548815,1450.603814,1,2.826074803,670,0,2.230448921,170,0,2.278753601,190,0,Dairy178
Dairy 179,Healthy,NY,Farm4,Cow,5/20/21,,110761.37,3.479426859,3015.968903,1,2.826074803,670,0,2.230448921,170,0,2.278753601,190,0,Dairy179
Dairy 180,Healthy,NY,Farm4,Cow,5/20/21,102.5,120842.39,4.03789286,10911.71113,1,2.826074803,670,0,2.230448921,170,0,2.278753601,190,0,Dairy180
Dairy 181,Healthy,NY,Farm4,Cow,5/20/21,,375920.32,4.051749576,11265.47677,1,2.826074803,670,0,2.230448921,170,0,2.278753601,190,0,Dairy181
Dairy 182,Healthy,NY,Farm4,Cow,5/20/21,,3918636.4,3.720582727,5255.121081,1,2.826074803,670,0,2.230448921,170,0,2.278753601,190,0,Dairy182
Dairy 183,Healthy,NY,Farm4,Cow,5/20/21,,1426294.77,4.0552517,11356.68814,1,2.826074803,670,0,2.230448921,170,0,2.278753601,190,0,Dairy183
Dairy 184,Healthy,NY,Farm4,Cow,5/20/21,101.5,969945.73,3.983255826,9621.78894,1,2.826074803,670,0,2.230448921,170,0,2.278753601,190,0,Dairy184
Dairy 185,Healthy,NY,Farm4,calf,5/20/21,102,38689983.61,4.29688043,19809.81549,1,2.826074803,670,0,2.230448921,170,0,3.564415574,3667.883848,1,Dairy185
Dairy 186,Healthy,NY,Farm4,Cow,5/20/21,101.5,374312.08,3.873073778,7465.755764,1,2.826074803,670,0,2.230448921,170,0,2.278753601,190,0,Dairy186
Dairy 187,Healthy,NY,Farm4,calf,5/20/21,102,230,4.057980484,11428.26979,1,2.826074803,670,0,2.230448921,170,0,3.318551189,2082.337832,1,Dairy187
Dairy 188,BRD,NY,Farm4,calf,5/20/21,103.2,230,4.021714671,10512.70968,1,2.826074803,670,0,2.230448921,170,0,2.278753601,190,0,Dairy188
Dairy 189,BRD,NY,Farm4,Cow,5/20/21,101.2,230,2.278753601,190,0,2.826074803,670,0,2.230448921,170,0,2.278753601,190,0,Dairy189
Dairy 190,BRD,NY,Farm4,Cow,5/20/21,103,230,3.94708125,8852.812164,1,2.826074803,670,0,3.787714606,6133.588075,1,2.278753601,190,0,Dairy190
Dairy 191,BRD,NY,Farm4,Cow,5/20/21,102.5,230,3.47263243,2969.151992,1,2.826074803,670,0,2.230448921,170,0,2.278753601,190,0,Dairy191
Dairy 192,BRD,NY,Farm4,Cow,5/20/21,102.4,230,3.123881699,1330.092055,1,2.826074803,670,0,2.230448921,170,0,2.278753601,190,0,Dairy192
Dairy 193,BRD,NY,Farm4,Cow,5/20/21,101.4,230,2.278753601,190,0,2.826074803,670,0,2.230448921,170,0,2.278753601,190,0,Dairy193
Dairy 194,BRD,NY,Farm4,Cow,5/20/21,102,230,3.841252509,6938.290972,1,2.826074803,670,0,2.230448921,170,0,2.278753601,190,0,Dairy194
Dairy 195,BRD,NY,Farm4,Cow,5/20/21,100.1,230,3.753917339,5674.365921,1,2.826074803,670,0,2.230448921,170,0,5.788760093,614837.1384,1,Dairy195
Dairy 196,BRD,NY,Farm4,Cow,5/20/21,103.9,230,3.869896394,7411.334145,1,2.826074803,670,0,2.230448921,170,0,4.191773718,15551.55134,1,Dairy196
Dairy 197,BRD,NY,Farm4,calf,5/20/21,102,230,3.493789572,3117.37876,1,2.826074803,670,0,2.230448921,170,0,4.584234523,38391.4507,1,Dairy197
Dairy 198,BRD,NY,Farm4,calf,5/20/21,102.3,230,3.807114804,6413.790998,1,2.826074803,670,0,2.230448921,170,0,5.547606376,352863.2063,1,Dairy198
Dairy 199,BRD,NY,Farm4,calf,5/20/21,102.5,230,4.027003348,10641.51223,1,2.826074803,670,0,2.230448921,170,0,5.818769368,658823.9335,1,Dairy199
Dairy 200,BRD,NY,Farm4,Cow,5/20/21,101.8,230,4.401341742,25196.5884,1,2.826074803,670,0,2.230448921,170,0,5.609106066,406542.6053,1,Dairy200
Dairy 201,BRD,NY,Farm4,calf,5/20/21,102.9,230,2.278753601,190,0,2.826074803,670,0,2.230448921,170,0,4.309686667,20402.65412,1,Dairy201
Dairy 202,BRD,NY,Farm4,calf,5/20/21,102.6,230,3.95856579,9090.039903,1,2.826074803,670,0,2.230448921,170,0,4.593222035,39194.22081,1,Dairy202
Dairy 203,BRD,NY,Farm4,calf,5/20/21,102.8,230,4.22762391,16889.7768,1,2.826074803,670,0,2.230448921,170,0,3.758751701,5737.883161,1,Dairy203
Dairy 1,BRD,IN,Farm5,calf,2/20/21,101.7,9637749.33,3.188516492,1543.535036,1,2.826074803,670,0,2.230448921,170,0,2.278753601,190,0,Dairy1
Dairy 10,Healthy,IN,Farm5,calf,2/20/21,,21601177.42,3.995898559,9906.005369,1,2.826074803,670,0,2.230448921,170,0,5.327605785,212620.8183,1,Dairy10
Dairy 100,Healthy,IN,Farm5,calf,2/27/21,,39763553.68,6.663810404,4611162.255,1,2.826074803,670,0,2.230448921,170,0,2.278753601,190,0,Dairy100
Dairy 11,BRD,IN,Farm5,Cow,2/20/21,103.5,4781208.02,2.278753601,190,0,2.826074803,670,0,2.230448921,170,0,2.278753601,190,0,Dairy11
Dairy 12,BRD,IN,Farm5,calf,2/20/21,102.6,4663037.71,6.108637538,1284214.407,1,2.826074803,670,0,2.230448921,170,0,3.667776553,4653.466083,1,Dairy12
Dairy 13,Healthy,IN,Farm5,Cow,2/20/21,,5385838.33,3.165376169,1463.444202,1,2.826074803,670,0,2.230448921,170,0,2.278753601,190,0,Dairy13
Dairy 14,BRD,IN,Farm5,Cow,2/20/21,101.8,65588633.1,6.392209069,2467226.77,1,5.204893622,160285.2733,1,2.230448921,170,0,5.805278955,638673.5851,1,Dairy14
Dairy 15,Healthy,IN,Farm5,calf,2/20/21,,1950840.85,3.116081149,1306.414971,1,2.826074803,670,0,2.230448921,170,0,2.278753601,190,0,Dairy15
Dairy 16,BRD,IN,Farm5,calf,2/20/21,102.4,6002897.77,3.077391334,1195.064469,1,2.826074803,670,0,5.499812748,316091.4498,1,4.144754419,13955.78979,1,Dairy16
Dairy 17,BRD,IN,Farm5,calf,2/20/21,101.2,583779,3.389794857,2453.549685,1,2.826074803,670,0,2.230448921,170,0,2.278753601,190,0,Dairy17
Dairy 18,BRD,IN,Farm5,calf,2/20/21,102.7,2016141.93,6.203189191,1596574.509,1,2.826074803,670,0,2.230448921,170,0,2.278753601,190,0,Dairy18
Dairy 19,BRD,IN,Farm5,calf,2/20/21,102.3,91171514.23,5.562577381,365239.1988,1,3.283480501,1920.792722,1,5.472920104,297111.9394,1,2.278753601,190,0,Dairy19
Dairy 20,BRD,IN,Farm5,calf,2/20/21,101.5,6665117.43,3.046934284,1114.125934,1,4.398742582,25046.24254,1,5.073478533,118434.5824,1,6.538419654,3454774.091,1,Dairy20
Dairy 21,BRD,IN,Farm5,calf,2/20/21,104.1,7722681.38,3.232590651,1708.404282,1,2.826074803,670,0,5.759551026,574845.3551,1,6.08222437,1208437.989,1,Dairy21
Dairy 22,BRD,IN,Farm5,calf,2/20/21,102.7,3111145.41,3.812527582,6494.228749,1,2.826074803,670,0,5.450027368,281856.0543,1,2.278753601,190,0,Dairy22
Dairy 23,BRD,IN,Farm5,calf,2/20/21,103,3162868.28,3.162491672,1453.756507,1,4.070245389,11755.61594,1,4.574317545,37524.7273,1,4.774420919,59486.84274,1,Dairy23
Dairy 24,BRD,IN,Farm5,calf,2/20/21,102.3,15246955.86,3.189284017,1546.265325,1,4.51985565,33102.10794,1,5.34742557,222548.9604,1,5.930705114,852521.0553,1,Dairy24
Dairy 25,BRD,IN,Farm5,calf,2/20/21,102.4,45950512.51,3.952700107,8968.093087,1,7.118905087,13149374.28,1,2.230448921,170,0,2.278753601,190,0,Dairy25
Dairy 26,BRD,IN,Farm5,calf,2/20/21,102.5,8049038.54,2.849290356,706.7899351,1,2.826074803,670,0,2.230448921,170,0,3.456265968,2859.341109,1,Dairy26
Dairy 27,BRD,IN,Farm5,calf,2/20/21,103.2,769872.51,2.974073108,942.0481648,1,5.008832116,102054.4899,1,2.230448921,170,0,2.278753601,190,0,Dairy27
Dairy 28,BRD,IN,Farm5,calf,2/20/21,102,20339595.5,3.889355221,7750.955093,1,2.826074803,670,0,2.230448921,170,0,2.278753601,190,0,Dairy28
Dairy 29,BRD,IN,Farm5,calf,2/20/21,102,866128.12,3.164723358,1461.246078,1,2.826074803,670,0,2.230448921,170,0,2.278753601,190,0,Dairy29
Dairy 3,BRD,IN,Farm5,Cow,2/20/21,100.5,3562948.51,3.086154342,1219.422888,1,2.826074803,670,0,2.230448921,170,0,2.278753601,190,0,Dairy3
Dairy 30,BRD,IN,Farm5,calf,2/20/21,103.5,257076.86,2.278753601,190,0,2.826074803,670,0,2.230448921,170,0,2.278753601,190,0,Dairy30
Dairy 31,BRD,IN,Farm5,calf,2/20/21,103.3,10805534.84,2.733015545,540.7736784,1,2.826074803,670,0,2.230448921,170,0,2.278753601,190,0,Dairy31
Dairy 33,BRD,IN,Farm5,calf,2/20/21,102.1,2591318.05,3.040674417,1098.182243,1,2.826074803,670,0,2.230448921,170,0,2.278753601,190,0,Dairy33
Dairy 34,BRD,IN,Farm5,calf,2/20/21,101.4,904541.65,2.278753601,190,0,2.826074803,670,0,2.230448921,170,0,2.278753601,190,0,Dairy34
Dairy 35,Healthy,IN,Farm5,calf,2/20/21,102.3,3371955.16,2.278753601,190,0,2.826074803,670,0,2.230448921,170,0,2.278753601,190,0,Dairy35
Dairy 36,BRD,IN,Farm5,calf,2/20/21,103.3,974609.96,2.278753601,190,0,2.826074803,670,0,2.230448921,170,0,2.278753601,190,0,Dairy36
Dairy 37,BRD,IN,Farm5,calf,2/20/21,101.4,754326.45,2.278753601,190,0,2.826074803,670,0,2.230448921,170,0,2.278753601,190,0,Dairy37
Dairy 38,Healthy,IN,Farm5,calf,2/20/21,102.1,2823942.96,2.278753601,190,0,2.826074803,670,0,2.230448921,170,0,2.278753601,190,0,Dairy38
Dairy 39,BRD,IN,Farm5,calf,2/20/21,101.9,831915.74,3.156735319,1434.61484,1,2.826074803,670,0,2.230448921,170,0,2.278753601,190,0,Dairy39
Dairy 4,Healthy,IN,Farm5,calf,2/20/21,,1136282.3,3.216588981,1646.6033,1,2.826074803,670,0,2.230448921,170,0,2.278753601,190,0,Dairy4
Dairy 40,Healthy,IN,Farm5,calf,2/20/21,101.3,1791481.59,3.60023748,3983.249219,1,2.826074803,670,0,2.230448921,170,0,2.278753601,190,0,Dairy40
Dairy 41,Healthy,IN,Farm5,calf,2/20/21,101.9,5078113.97,3.202651843,1594.600304,1,2.826074803,670,0,2.230448921,170,0,2.278753601,190,0,Dairy41
Dairy 42,Healthy,IN,Farm5,calf,2/27/21,101.8,49919863.86,2.278753601,190,0,5.236327333,172316.6855,1,2.230448921,170,0,6.686502674,4858505.225,1,Dairy42
Dairy 43,Healthy,IN,Farm5,calf,2/27/21,,467527.57,3.055565528,1136.489763,1,2.826074803,670,0,4.648044572,44467.69024,1,2.278753601,190,0,Dairy43
Dairy 44,Healthy,IN,Farm5,calf,2/27/21,,1462246.52,3.346846488,2222.524145,1,2.826074803,670,0,2.230448921,170,0,2.278753601,190,0,Dairy44
Dairy 45,Healthy,IN,Farm5,calf,2/27/21,,188309.8,3.193564175,1561.579771,1,2.826074803,670,0,2.230448921,170,0,2.278753601,190,0,Dairy45
Dairy 46,Healthy,IN,Farm5,calf,2/27/21,,6729168.34,2.278753601,190,0,2.826074803,670,0,2.230448921,170,0,5.691667881,491663.4011,1,Dairy46
Dairy 47,BRD,IN,Farm5,calf,2/27/21,104.5,150662.88,2.278753601,190,0,2.826074803,670,0,4.729323725,53619.61921,1,4.212187088,16299.98063,1,Dairy47
Dairy 48,Healthy,IN,Farm5,calf,2/27/21,,36565621.94,3.114445867,1301.505078,1,2.826074803,670,0,4.161968289,14520.05592,1,5.107920505,128209.5881,1,Dairy48
Dairy 49,BRD,IN,Farm5,calf,2/27/21,103.4,29245119.82,6.362820314,2305792.986,1,2.826074803,670,0,3.920174041,8320.971628,1,5.692723015,492859.3667,1,Dairy49
Dairy 5,Healthy,IN,Farm5,Cow,2/20/21,101.6,4496847.68,3.063806316,1158.260687,1,2.826074803,670,0,2.230448921,170,0,2.278753601,190,0,Dairy5
Dairy 50,BRD,IN,Farm5,calf,2/27/21,102.1,227869.84,2.278753601,190,0,2.826074803,670,0,3.015704452,1036.822593,1,2.278753601,190,0,Dairy50
Dairy 51,BRD,IN,Farm5,calf,2/27/21,103.4,9385552.66,3.109975167,1288.175891,1,2.826074803,670,0,3.725018581,5309.071578,1,3.837363012,6876.429769,1,Dairy51
Dairy 52,Healthy,IN,Farm5,calf,2/27/21,103.2,1673549.83,3.646128238,4427.190784,1,2.826074803,670,0,3.380342107,2400.723295,1,5.333879886,215714.7717,1,Dairy52
Dairy 53,BRD,IN,Farm5,calf,2/27/21,102.7,526638.98,3.528244769,3374.774579,1,2.826074803,670,0,3.75116677,5638.541358,1,2.278753601,190,0,Dairy53
Dairy 54,Healthy,IN,Farm5,calf,2/27/21,102.6,14130571.81,3.385219635,2427.837613,1,2.826074803,670,0,2.230448921,170,0,2.278753601,190,0,Dairy54
Dairy 55,Healthy,IN,Farm5,calf,2/27/21,102.8,20726746.82,3.399159983,2507.032612,1,6.122996498,1327383.753,1,5.229599249,169667.73,1,5.03690127,108868.2569,1,Dairy55
Dairy 56,Healthy,IN,Farm5,calf,2/27/21,102.7,15152907.89,5.517317536,329092.1597,1,5.67239585,470322.6025,1,4.684483181,48359.65356,1,5.652855445,449630.1705,1,Dairy56
Dairy 57,BRD,IN,Farm5,calf,2/27/21,102.6,227171.03,2.278753601,190,0,2.826074803,670,0,3.656486533,4534.052378,1,2.278753601,190,0,Dairy57
Dairy 58,BRD,IN,Farm5,calf,2/27/21,102.3,92910.88,2.278753601,190,0,2.826074803,670,0,2.230448921,170,0,4.651166509,44788.49911,1,Dairy58
Dairy 59,Healthy,IN,Farm5,calf,2/27/21,102.4,9687382.65,2.278753601,190,0,2.826074803,670,0,3.983250527,9621.671532,1,5.656294302,453204.592,1,Dairy59
Dairy 6,BRD,IN,Farm5,Cow,2/20/21,103.2,8673.95,4.383730752,24195.28555,1,2.826074803,670,0,2.230448921,170,0,2.278753601,190,0,Dairy6
Dairy 60,BRD,IN,Farm5,calf,2/27/21,102.3,21106.16,3.037891041,1091.166541,1,2.826074803,670,0,2.230448921,170,0,2.278753601,190,0,Dairy60
Dairy 61,Healthy,IN,Farm5,calf,2/27/21,102.6,1822763.13,3.521892143,3325.769473,1,2.826074803,670,0,4.264363638,18380.76735,1,2.278753601,190,0,Dairy61
Dairy 62,BRD,IN,Farm5,calf,2/27/21,102.5,89799746.32,2.278753601,190,0,2.826074803,670,0,5.467418406,293371.8272,1,5.770379885,589358.9526,1,Dairy62
Dairy 63,Healthy,IN,Farm5,calf,2/27/21,103.5,2751702.39,2.278753601,190,0,2.826074803,670,0,3.912699805,8178.992415,1,4.628237915,42485.22423,1,Dairy63
Dairy 64,BRD,IN,Farm5,calf,2/27/21,103.2,542572842.1,3.15828468,1439.74202,1,2.826074803,670,0,5.209122329,161853.5873,1,5.280313621,190683.7223,1,Dairy64
Dairy 65,BRD,IN,Farm5,calf,2/27/21,102.1,142912.77,2.278753601,190,0,3.674518006,4726.26432,1,3.05075809,1123.978723,1,4.696209897,49683.23851,1,Dairy65
Dairy 66,Healthy,IN,Farm5,calf,2/27/21,102.2,7180278.65,3.764537395,5814.834986,1,2.826074803,670,0,2.230448921,170,0,4.79876793,62916.98898,1,Dairy66
Dairy 67,Healthy,IN,Farm5,calf,2/27/21,102.5,6725540.39,2.278753601,190,0,4.738064437,54709.71311,1,5.450350744,282066.0029,1,4.293833701,19671.32895,1,Dairy67
Dairy 68,BRD,IN,Farm5,calf,2/27/21,102.3,86726609,2.278753601,190,0,4.230994024,17021.35087,1,5.015585525,103653.8709,1,5.559481353,362644.7155,1,Dairy68
Dairy 69,Healthy,IN,Farm5,calf,2/27/21,102.3,4518680.78,3.068749277,1171.51884,1,2.826074803,670,0,4.600734146,39878.0713,1,2.278753601,190,0,Dairy69
Dairy 7,Healthy,IN,Farm5,calf,2/20/21,,1234768.98,2.862855463,729.2147801,1,2.826074803,670,0,2.230448921,170,0,2.278753601,190,0,Dairy7
Dairy 70,Healthy,IN,Farm5,calf,2/27/21,102.8,419528.83,3.040523593,1097.800926,1,2.826074803,670,0,4.599508839,39765.71898,1,5.426980718,267288.7733,1,Dairy70
Dairy 71,Healthy,IN,Farm5,calf,2/27/21,102.3,2081090.9,3.219984344,1659.527083,1,5.591857647,390712.807,1,5.423271544,265015.6639,1,6.195377268,1568112.684,1,Dairy71
Dairy 72,BRD,IN,Farm5,calf,2/27/21,103.7,268921.55,3.187135567,1538.634856,1,3.284347977,1924.633216,1,3.439894724,2753.561143,1,4.436328713,27310.44103,1,Dairy72
Dairy 73,Healthy,IN,Farm5,calf,2/27/21,101.9,29031589.01,2.278753601,190,0,2.826074803,670,0,4.622735415,41950.33327,1,4.747906837,55963.75379,1,Dairy73
Dairy 74,Healthy,IN,Farm5,calf,2/27/21,102.8,175385812.7,3.755696617,5697.661146,1,2.826074803,670,0,5.8894658,775292.8883,1,6.368055986,2333758.896,1,Dairy74
Dairy 75,Healthy,IN,Farm5,calf,2/27/21,102,1886584.11,3.119110938,1315.560842,1,4.473999278,29785.11478,1,4.364908924,23169.08722,1,5.23801194,172986.3916,1,Dairy75
Dairy 77,Healthy,IN,Farm5,calf,2/27/21,101.9,13684335.48,3.475990444,2992.198796,1,2.826074803,670,0,2.230448921,170,0,3.676405722,4746.852331,1,Dairy77
Dairy 78,BRD,IN,Farm5,calf,2/27/21,101.9,69054.48,2.278753601,190,0,7.017796807,10418298.75,1,2.230448921,170,0,5.030046736,107163.4621,1,Dairy78
Dairy 79,BRD,IN,Farm5,calf,2/27/21,102.6,6757657.35,2.278753601,190,0,2.826074803,670,0,4.917984768,82791.31259,1,5.323771757,210752.0254,1,Dairy79
Dairy 8,BRD,IN,Farm5,calf,2/20/21,104.3,13189465.93,6.164111168,1459187.728,1,2.826074803,670,0,2.230448921,170,0,6.087274115,1222571.072,1,Dairy8
Dairy 80,BRD,IN,Farm5,calf,2/27/21,102.1,37600174.54,3.88166691,7614.947434,1,4.453774413,28429.83983,1,5.70162608,503067.2904,1,5.329364,213483.3453,1,Dairy80
Dairy 81,Healthy,IN,Farm5,calf,2/27/21,101,30253012.09,2.278753601,190,0,2.826074803,670,0,2.230448921,170,0,6.153436362,1423758.605,1,Dairy81
Dairy 82,Healthy,IN,Farm5,calf,2/27/21,101.4,4099429.5,2.278753601,190,0,2.826074803,670,0,2.230448921,170,0,5.285413107,192935.9273,1,Dairy82
Dairy 83,Healthy,IN,Farm5,calf,2/27/21,,524047.26,3.217228283,1649.028961,1,2.826074803,670,0,2.230448921,170,0,2.278753601,190,0,Dairy83
Dairy 84,Healthy,IN,Farm5,calf,2/27/21,100.9,2179922.83,2.278753601,190,0,2.826074803,670,0,2.230448921,170,0,2.278753601,190,0,Dairy84
Dairy 85,Healthy,IN,Farm5,calf,2/27/21,,178999773.1,3.261031676,1824.028735,1,2.826074803,670,0,2.230448921,170,0,4.205328314,16044.57857,1,Dairy85
Dairy 86,Healthy,IN,Farm5,calf,2/27/21,101.6,7213799.29,3.177728212,1505.664506,1,2.826074803,670,0,2.230448921,170,0,2.278753601,190,0,Dairy86
Dairy 87,BRD,IN,Farm5,calf,2/27/21,101,148673.26,3.237256578,1726.857806,1,2.826074803,670,0,2.230448921,170,0,2.278753601,190,0,Dairy87
Dairy 88,Healthy,IN,Farm5,calf,2/27/21,,1253180.83,2.278753601,190,0,2.826074803,670,0,2.230448921,170,0,2.278753601,190,0,Dairy88
Dairy 89,BRD,IN,Farm5,calf,2/27/21,103,494869.24,2.278753601,190,0,2.826074803,670,0,2.230448921,170,0,5.934883964,860763.7393,1,Dairy89
Dairy 9,Healthy,IN,Farm5,calf,2/20/21,,3346925.22,2.904271573,802.1795253,1,2.826074803,670,0,2.230448921,170,0,4.346518185,22208.44674,1,Dairy9
Dairy 90,BRD,IN,Farm5,calf,2/27/21,102.3,7684929.3,3.97597861,9461.905585,1,2.826074803,670,0,2.230448921,170,0,2.278753601,190,0,Dairy90
Dairy 91,BRD,IN,Farm5,calf,2/27/21,102.2,109573.09,2.278753601,190,0,2.826074803,670,0,2.230448921,170,0,2.278753601,190,0,Dairy91
Dairy 92,Healthy,IN,Farm5,calf,2/27/21,,1147372.46,3.256816361,1806.410135,1,2.826074803,670,0,2.230448921,170,0,2.278753601,190,0,Dairy92
Dairy 93,Healthy,IN,Farm5,calf,2/27/21,,442461.32,3.78718851,6126.162467,1,2.826074803,670,0,2.230448921,170,0,2.278753601,190,0,Dairy93
Dairy 94,Healthy,IN,Farm5,calf,2/27/21,,388830.26,3.216071398,1644.64208,1,2.826074803,670,0,2.230448921,170,0,2.278753601,190,0,Dairy94
Dairy 95,Healthy,IN,Farm5,calf,2/27/21,,525847.11,2.873095202,746.6124055,1,2.826074803,670,0,2.230448921,170,0,2.278753601,190,0,Dairy95
Dairy 96,Healthy,IN,Farm5,calf,2/27/21,,283638.92,3.086581494,1220.622844,1,2.826074803,670,0,2.230448921,170,0,2.278753601,190,0,Dairy96
Dairy 97,Healthy,IN,Farm5,calf,2/27/21,,2739415.82,3.3580452,2280.579418,1,2.826074803,670,0,2.230448921,170,0,2.278753601,190,0,Dairy97
Dairy 98,BRD,IN,Farm5,calf,2/27/21,103.6,71724.59,3.140382079,1381.59922,1,2.826074803,670,0,2.230448921,170,0,2.278753601,190,0,Dairy98
Dairy 99,BRD,IN,Farm5,calf,2/27/21,102.8,38652.06,2.962330978,916.9190134,1,2.826074803,670,0,2.230448921,170,0,2.278753601,190,0,Dairy99